観測所番号,都道府県,地点,国際地点番号,観測時刻(年),観測時刻(月),観測時刻(日),観測時刻(時),観測時刻(分),13日の最高気温(℃),13日の最高気温の品質情報,13日の最高気温起時（時）,13日の最高気温起時（分）,13日の最高気温起時の品質情報,平年差（℃）,前日差（℃）,該当旬（月）,該当旬（旬）,極値更新,10年未満での極値更新,今年最高,今年の最高気温（℃)（12日まで）,今年の最高気温（12日まで）の品質情報,今年の最高気温（12日まで）を観測した起日（年）,今年の最高気温（12日まで）を観測した起日（月）,今年の最高気温（12日まで）を観測した起日（日）,12日までの観測史上1位の値（℃）,12日までの観測史上1位の値の品質情報,12日までの観測史上1位の値を観測した起日（年）,12日までの観測史上1位の値を観測した起日（月）,12日までの観測史上1位の値を観測した起日（日）,12日までの6月の1位の値,12日までの6月の1位の値の品質情報,12日までの6月の1位の値の起日（年）,12日までの6月の1位の値の起日（月）,12日までの6月の1位の値の起日（日）,統計開始年,date
11001,北海道宗谷地方,宗谷岬（ソウヤミサキ）,,2024,6,13,,,12.3,8,13,38,8,-2.6,-6.9,5.0,2.0,,,0,24.1,4,2024,6,8,31.9,8,2000,8,1,26.4,8,2005,6,22.0,1978.0,2024-06-13
11016,北海道宗谷地方,稚内（ワッカナイ）,47401.0,2024,6,13,,,14.4,8,11,11,8,-1.4,-4.1,5.0,3.0,,,0,23.9,4,2024,6,9,32.7,8,2021,7,29,26.8,8,1977,6,30.0,1938.0,2024-06-13
11046,北海道宗谷地方,礼文（レブン）,,2024,6,13,,,15.1,8,7,50,8,-0.5,-0.8,6.0,1.0,,,0,20.3,4,2024,6,9,30.5,8,2022,7,31,24.6,8,2010,6,29.0,2003.0,2024-06-13
11061,北海道宗谷地方,声問（コエトイ）,,2024,6,13,,,15.2,8,11,32,8,-2.3,-4.5,5.0,3.0,,,0,26.1,4,2024,6,9,33.3,8,2021,7,29,27.9,8,2023,6,22.0,2003.0,2024-06-13
11076,北海道宗谷地方,浜鬼志別（ハマオニシベツ）,,2024,6,13,,,15.7,8,0,6,8,0.8,-6.2,6.0,3.0,,,0,25.4,4,2024,6,8,32.7,8,2000,7,31,28.3,8,2021,6,11.0,1978.0,2024-06-13
11091,北海道宗谷地方,本泊（モトドマリ）,,2024,6,13,,,14.7,8,13,20,8,-2.4,-4.8,5.0,3.0,,,0,23.8,4,2024,6,9,31.8,8,2021,8,7,26.1,8,2014,6,3.0,2003.0,2024-06-13
11121,北海道宗谷地方,沼川（ヌマカワ）,,2024,6,13,,,14.9,8,11,30,8,-2.7,-4.6,5.0,3.0,,,0,25.5,4,2024,6,9,32.4,8,2021,7,29,29.2,8,2010,6,29.0,1977.0,2024-06-13
11151,北海道宗谷地方,沓形（クツガタ）,,2024,6,13,,,18.5,8,15,47,8,1.6,0.7,6.0,3.0,,,0,23.8,4,2024,5,16,32.5,8,1989,8,7,28.6,8,1988,6,30.0,1977.0,2024-06-13
11176,北海道宗谷地方,豊富（トヨトミ）,,2024,6,13,,,16.1,8,11,20,8,-2.1,-2.8,5.0,3.0,,,0,24.2,4,2024,6,9,33.1,8,2000,8,1,29.3,8,2010,6,29.0,1977.0,2024-06-13
11206,北海道宗谷地方,浜頓別（ハマトンベツ）,,2024,6,13,,,16.7,8,0,38,8,0.0,-6.0,6.0,2.0,,,0,27.0,4,2024,6,9,33.6,4,1989,7,27,30.6,8,2014,6,3.0,1977.0,2024-06-13
11276,北海道宗谷地方,中頓別（ナカトンベツ）,,2024,6,13,,,16.8,8,0,51,8,-2.6,-7.3,5.0,3.0,,,0,27.4,4,2024,6,8,35.8,8,2021,8,7,33.1,8,2012,6,30.0,1977.0,2024-06-13
11291,北海道宗谷地方,北見枝幸（キタミエサシ）,47402.0,2024,6,13,,,17.7,8,1,48,8,2.0,-3.6,6.0,3.0,,,0,26.6,4,2024,6,8,35.0,8,2000,7,31,32.6,8,2014,6,3.0,1942.0,2024-06-13
11316,北海道宗谷地方,歌登（ウタノボリ）,,2024,6,13,,,17.9,8,0,54,8,-1.1,-7.2,5.0,3.0,,,0,28.8,4,2024,6,8,35.4,8,1989,7,26,32.2,8,2014,6,3.0,1977.0,2024-06-13
12011,北海道上川地方,中川（ナカガワ）,,2024,6,13,,,16.8,8,1,2,8,-3.1,-7.3,5.0,2.0,,,0,27.6,4,2024,6,9,36.2,8,2021,7,28,32.4,8,2012,6,30.0,1977.0,2024-06-13
12041,北海道上川地方,音威子府（オトイネップ）,,2024,6,13,,,18.1,8,1,6,8,-2.5,-7.3,5.0,3.0,,,0,27.5,4,2024,6,8,36.6,8,2021,7,28,33.6,8,2012,6,30.0,1977.0,2024-06-13
12141,北海道上川地方,美深（ビフカ）,,2024,6,13,,,19.1,8,2,58,8,-2.8,-7.4,5.0,3.0,,,0,27.8,4,2024,6,8,36.6,8,2021,7,28,34.0,8,2014,6,4.0,1977.0,2024-06-13
12181,北海道上川地方,名寄（ナヨロ）,,2024,6,13,,,20.7,8,8,45,8,-1.4,-6.4,6.0,1.0,,,0,28.0,4,2024,6,8,36.4,8,2021,7,28,35.4,8,2014,6,4.0,1976.0,2024-06-13
12231,北海道上川地方,下川（シモカワ）,,2024,6,13,,,21.2,8,9,20,8,0.0,-5.2,6.0,2.0,,,0,27.6,4,2024,6,8,37.3,8,2021,7,28,34.0,8,2014,6,4.0,1977.0,2024-06-13
12261,北海道上川地方,士別（シベツ）,,2024,6,13,,,22.4,8,8,0,8,0.6,-4.5,6.0,2.0,,,0,27.4,4,2024,6,8,37.0,8,2021,8,7,36.3,8,2014,6,4.0,1977.0,2024-06-13
12266,北海道上川地方,朝日（アサヒ）,,2024,6,13,,,22.6,8,14,51,8,0.7,-4.5,6.0,2.0,,,0,28.3,4,2024,6,8,37.2,8,2021,8,7,36.4,8,2014,6,4.0,1977.0,2024-06-13
12301,北海道上川地方,和寒（ワッサム）,,2024,6,13,,,22.4,8,10,48,8,0.2,-6.1,6.0,2.0,,,0,28.5,4,2024,6,12,36.8,8,2021,8,7,36.6,8,2014,6,4.0,1977.0,2024-06-13
12386,北海道上川地方,江丹別（エタンベツ）,,2024,6,13,,,23.6,8,15,42,8,1.8,-4.2,6.0,3.0,,,0,27.9,4,2024,6,8,38.4,8,2021,7,31,36.1,8,2014,6,4.0,1977.0,2024-06-13
12396,北海道上川地方,比布（ピップ）,,2024,6,13,,,23.0,8,14,57,8,0.5,-4.4,6.0,2.0,,,0,27.9,4,2024,6,8,36.9,8,2021,8,7,35.9,8,2014,6,4.0,1977.0,2024-06-13
12411,北海道上川地方,上川（カミカワ）,,2024,6,13,,,22.1,8,9,29,8,1.2,-4.3,6.0,3.0,,,0,26.7,4,2024,6,8,35.1,8,2021,8,7,33.7,8,2014,6,4.0,1977.0,2024-06-13
12442,北海道上川地方,旭川（アサヒカワ）,47407.0,2024,6,13,,,23.3,8,15,47,8,0.8,-5.2,6.0,2.0,,,0,29.1,4,2024,6,8,37.9,8,2021,8,7,35.9,8,2014,6,4.0,1888.0,2024-06-13
12451,北海道上川地方,東川（ヒガシカワ）,,2024,6,13,,,23.8,8,15,23,8,1.7,-5.2,6.0,3.0,,,0,29.0,4,2024,6,12,37.0,8,2021,8,6,36.1,8,2014,6,4.0,1977.0,2024-06-13
12501,北海道上川地方,東神楽（ヒガシカグラ）,,2024,6,13,,,23.4,8,14,20,8,1.4,-4.9,6.0,3.0,,,0,28.3,4,2024,6,12,36.1,8,2021,8,7,35.4,8,2014,6,4.0,2003.0,2024-06-13
12512,北海道上川地方,志比内（シビナイ）,,2024,6,13,,,23.8,8,14,11,8,2.6,-4.0,7.0,1.0,,,0,27.8,4,2024,6,12,35.3,8,2021,8,7,34.8,8,2014,6,4.0,1993.0,2024-06-13
12551,北海道上川地方,美瑛（ビエイ）,,2024,6,13,,,24.5,8,15,24,8,2.5,-3.8,7.0,1.0,,,0,28.3,4,2024,6,12,37.1,8,2021,8,7,36.0,8,2014,6,4.0,1977.0,2024-06-13
12596,北海道上川地方,上富良野（カミフラノ）,,2024,6,13,,,26.4,8,15,42,8,3.9,-3.8,7.0,2.0,,,0,30.2,4,2024,6,12,37.5,8,2021,8,7,36.8,8,2014,6,4.0,1977.0,2024-06-13
12626,北海道上川地方,富良野（フラノ）,,2024,6,13,,,26.4,8,14,13,8,3.9,-4.0,7.0,2.0,,,0,30.4,4,2024,6,12,38.5,8,2021,8,7,36.3,8,2014,6,4.0,1976.0,2024-06-13
12632,北海道上川地方,麓郷（ロクゴウ）,,2024,6,13,,,26.0,8,14,10,8,4.6,-2.7,7.0,3.0,,,0,28.7,4,2024,6,12,37.4,8,2021,8,7,34.7,8,2014,6,4.0,1978.0,2024-06-13
12691,北海道上川地方,幾寅（イクトラ）,,2024,6,13,,,26.2,8,11,20,8,6.0,-1.7,88.0,0.0,,,0,27.9,4,2024,6,12,34.9,8,2023,8,24,33.5,8,2014,6,3.0,1977.0,2024-06-13
12746,北海道上川地方,占冠（シムカップ）,,2024,6,13,,,27.5,8,14,51,8,6.8,1.9,88.0,0.0,,,1,26.3,4,2024,6,8,34.6,8,2021,7,19,33.6,8,2014,6,3.0,1977.0,2024-06-13
15041,北海道上川地方,朱鞠内（シュマリナイ）,,2024,6,13,,,21.3,8,14,12,8,0.9,-4.4,6.0,3.0,,,0,26.6,4,2024,6,8,34.9,8,2021,7,28,34.3,8,2014,6,4.0,1978.0,2024-06-13
15076,北海道上川地方,幌加内（ホロカナイ）,,2024,6,13,,,22.8,8,14,51,8,1.3,-4.7,6.0,3.0,,,0,27.5,4,2024,6,12,37.3,8,2021,7,28,36.0,8,2014,6,4.0,1977.0,2024-06-13
13061,北海道留萌地方,天塩（テシオ）,,2024,6,13,,,17.1,8,15,0,8,-1.0,-3.4,6.0,1.0,,,0,24.4,4,2024,6,9,33.8,4,2021,7,27,30.0,8,2010,6,28.0,1977.0,2024-06-13
13086,北海道留萌地方,遠別（エンベツ）,,2024,6,13,,,17.8,8,15,43,8,-1.5,-3.7,6.0,1.0,,,0,25.9,4,2024,6,9,34.2,8,1979,8,18,32.6,8,2010,6,28.0,1977.0,2024-06-13
13121,北海道留萌地方,初山別（ショサンベツ）,,2024,6,13,,,19.4,8,13,40,8,0.7,-3.9,6.0,2.0,,,0,26.7,4,2024,6,9,33.8,8,2021,8,1,32.8,8,2010,6,28.0,1977.0,2024-06-13
13146,北海道留萌地方,焼尻（ヤギシリ）,,2024,6,13,,,17.6,8,16,3,8,0.3,-3.0,6.0,2.0,,,0,21.4,4,2024,6,9,32.4,8,2023,8,24,26.1,8,2010,6,30.0,1977.0,2024-06-13
13181,北海道留萌地方,羽幌（ハボロ）,47404.0,2024,6,13,,,18.8,8,16,27,8,-0.2,-5.0,6.0,2.0,,,0,26.3,4,2024,6,9,34.4,8,2021,8,1,30.9,8,1948,6,30.0,1921.0,2024-06-13
13261,北海道留萌地方,達布（タップ）,,2024,6,13,,,21.8,8,16,12,8,0.2,-5.9,6.0,2.0,,,0,27.7,4,2024,6,12,38.7,8,2021,8,7,34.3,8,2014,6,4.0,1977.0,2024-06-13
13277,北海道留萌地方,留萌（ルモイ）,47406.0,2024,6,13,,,18.5,8,7,41,8,-0.4,-6.9,6.0,1.0,,,0,25.4,4,2024,6,12,35.6,8,2021,8,1,32.0,8,2014,6,5.0,1943.0,2024-06-13
13311,北海道留萌地方,増毛（マシケ）,,2024,6,13,,,19.1,8,7,42,8,0.4,-5.6,6.0,2.0,,,0,24.9,4,2024,6,9,34.2,8,2021,8,1,30.5,8,2022,6,25.0,1978.0,2024-06-13
13321,北海道留萌地方,幌糠（ホロヌカ）,,2024,6,13,,,20.9,8,15,33,8,-0.1,-6.5,6.0,2.0,,,0,27.7,4,2024,6,8,35.9,8,2021,8,7,34.2,8,2014,6,4.0,1977.0,2024-06-13
14026,北海道石狩地方,浜益（ハママス）,,2024,6,13,,,21.4,8,13,35,8,1.5,-6.2,6.0,3.0,,,0,27.6,4,2024,6,12,34.6,8,1989,8,7,31.5,8,2012,6,30.0,1977.0,2024-06-13
14071,北海道石狩地方,厚田（アツタ）,,2024,6,13,,,22.7,8,14,26,8,2.3,-6.1,6.0,3.0,,,0,28.8,4,2024,6,12,36.1,8,2021,7,28,31.3,8,2014,6,4.0,1977.0,2024-06-13
14101,北海道石狩地方,新篠津（シンシノツ）,,2024,6,13,,,25.4,8,14,48,8,4.8,0.1,7.0,3.0,,,0,25.6,4,2024,4,15,35.5,8,2023,8,25,32.2,8,2014,6,3.0,1978.0,2024-06-13
14116,北海道石狩地方,山口（ヤマグチ）,,2024,6,13,,,21.7,8,6,52,8,0.6,-7.8,6.0,2.0,,,0,29.5,4,2024,6,12,37.1,8,2021,7,28,33.3,8,2014,6,4.0,1977.0,2024-06-13
14121,北海道石狩地方,石狩（イシカリ）,,2024,6,13,,,22.0,8,13,24,8,1.7,-5.5,6.0,3.0,,,0,27.5,4,2024,6,12,35.4,8,2021,7,28,32.4,8,2014,6,4.0,1990.0,2024-06-13
14136,北海道石狩地方,江別（エベツ）,,2024,6,13,,,24.3,8,14,12,8,4.0,-0.4,7.0,2.0,,,0,25.7,4,2024,4,15,35.6,8,2021,7,31,31.7,8,2014,6,3.0,2000.0,2024-06-13
14163,北海道石狩地方,札幌（サッポロ）,47412.0,2024,6,13,,,23.4,8,14,19,8,2.1,-5.0,6.0,3.0,,,0,28.4,4,2024,6,12,36.3,8,2023,8,23,33.7,8,2014,6,4.0,1876.0,2024-06-13
14206,北海道石狩地方,恵庭島松（エニワシママツ）,,2024,6,13,,,25.7,8,13,32,8,5.9,1.2,88.0,0.0,,,1,25.5,4,2024,6,11,34.3,8,1999,8,8,31.1,8,2014,6,3.0,1977.0,2024-06-13
14286,北海道石狩地方,支笏湖畔（シコツコハン）,,2024,6,13,,,25.2,8,14,21,8,7.0,1.7,88.0,0.0,,,1,23.8,4,2024,4,15,31.9,8,2007,8,14,30.0,8,2010,6,26.0,1977.0,2024-06-13
14296,北海道石狩地方,千歳（チトセ）,,2024,6,13,,,26.3,8,14,14,8,6.9,3.4,88.0,0.0,,,1,24.0,4,2024,5,19,34.2,8,2011,8,11,31.4,8,2010,6,26.0,2003.0,2024-06-13
15116,北海道空知地方,石狩沼田（イシカリヌマタ）,,2024,6,13,,,23.7,8,14,56,8,1.9,-5.2,6.0,3.0,,,0,28.9,4,2024,6,12,36.9,8,2021,8,7,35.3,8,2014,6,4.0,1976.0,2024-06-13
15156,北海道空知地方,秩父別（チップベツ）,,2024,6,13,,,23.2,8,8,39,8,,-4.4,,,,,0,27.6,4,2024,6,12,35.1,8,2023,8,24,29.8,8,2023,6,27.0,2022.0,2024-06-13
15161,北海道空知地方,深川（フカガワ）,,2024,6,13,,,23.0,8,15,23,8,1.5,-3.5,6.0,3.0,,,0,26.5,4,2024,6,12,36.1,8,2021,8,6,33.6,8,2014,6,4.0,1977.0,2024-06-13
15231,北海道空知地方,空知吉野（ソラチヨシノ）,,2024,6,13,,,24.2,8,15,9,8,2.6,-2.7,7.0,1.0,,,0,26.9,4,2024,6,12,36.8,8,2021,8,7,34.3,8,2014,6,4.0,1978.0,2024-06-13
15241,北海道空知地方,滝川（タキカワ）,,2024,6,13,,,23.5,8,15,25,8,1.9,-3.2,6.0,3.0,,,0,27.4,4,2024,6,8,36.0,8,2021,7,28,34.1,8,2014,6,4.0,1976.0,2024-06-13
15251,北海道空知地方,芦別（アシベツ）,,2024,6,13,,,24.3,8,13,56,8,1.7,-3.8,6.0,3.0,,,0,28.6,4,2024,6,8,37.2,8,2021,7,31,35.7,8,2014,6,4.0,1978.0,2024-06-13
15311,北海道空知地方,月形（ツキガタ）,,2024,6,13,,,25.7,8,14,15,8,5.0,-1.1,7.0,3.0,,,0,26.8,4,2024,6,12,36.3,8,2021,7,31,33.6,8,2014,6,3.0,1977.0,2024-06-13
15321,北海道空知地方,美唄（ビバイ）,,2024,6,13,,,24.6,8,14,34,8,3.0,-2.4,7.0,1.0,,,0,27.4,4,2024,6,8,35.6,8,2021,8,6,33.2,8,2014,6,3.0,1977.0,2024-06-13
15356,北海道空知地方,岩見沢（イワミザワ）,47413.0,2024,6,13,,,25.3,8,13,10,8,4.0,-1.0,7.0,2.0,,,0,26.4,4,2024,6,8,35.7,8,2023,8,25,33.6,8,2014,6,4.0,1946.0,2024-06-13
15431,北海道空知地方,長沼（ナガヌマ）,,2024,6,13,,,25.5,8,13,13,8,5.3,0.3,7.0,3.0,,,1,25.4,4,2024,4,15,35.2,8,2023,8,24,31.4,8,2014,6,3.0,1977.0,2024-06-13
15442,北海道空知地方,夕張（ユウバリ）,,2024,6,13,,,26.2,8,14,43,8,5.9,0.8,88.0,0.0,,,1,26.2,4,2024,6,8,35.0,8,2021,7,28,31.6,8,2014,6,3.0,1976.0,2024-06-13
16026,北海道後志地方,美国（ビクニ）,,2024,6,13,,,19.4,8,10,13,8,-0.6,-9.4,6.0,1.0,,,0,28.8,4,2024,6,12,35.2,8,2023,8,31,31.3,8,2014,6,4.0,1977.0,2024-06-13
16061,北海道後志地方,神恵内（カモエナイ）,,2024,6,13,,,22.4,8,15,8,8,3.0,-3.7,7.0,1.0,,,0,26.1,4,2024,6,12,33.5,8,2021,7,28,29.1,8,2021,6,11.0,1977.0,2024-06-13
16076,北海道後志地方,余市（ヨイチ）,,2024,6,13,,,19.5,8,10,37,8,-1.4,-8.7,5.0,3.0,,,0,28.2,4,2024,6,12,34.9,8,1984,8,16,33.5,8,2014,6,5.0,1977.0,2024-06-13
16091,北海道後志地方,小樽（オタル）,47411.0,2024,6,13,,,20.4,8,9,25,8,0.3,-6.3,6.0,2.0,,,0,27.3,4,2024,4,27,36.2,8,2021,7,28,31.9,8,2021,6,11.0,1943.0,2024-06-13
16156,北海道後志地方,共和（キョウワ）,,2024,6,13,,,23.2,8,12,50,8,3.0,-6.3,7.0,1.0,,,0,29.5,4,2024,6,12,35.0,8,2023,8,10,32.5,8,2012,6,30.0,1977.0,2024-06-13
16206,北海道後志地方,蘭越（ランコシ）,,2024,6,13,,,24.1,8,12,5,8,3.2,-3.8,7.0,2.0,,,0,27.9,4,2024,6,12,35.4,8,2023,8,23,32.7,8,2014,6,4.0,1977.0,2024-06-13
16217,北海道後志地方,倶知安（クッチャン）,47433.0,2024,6,13,,,24.4,8,13,6,8,3.9,-2.7,7.0,2.0,,,0,27.1,4,2024,6,12,34.6,8,2023,8,23,32.5,8,2014,6,4.0,1944.0,2024-06-13
16252,北海道後志地方,寿都（スッツ）,47421.0,2024,6,13,,,19.7,8,13,56,8,0.8,-6.6,6.0,2.0,,,0,26.3,4,2024,6,12,34.0,8,1904,8,20,31.3,8,2014,6,4.0,1884.0,2024-06-13
16281,北海道後志地方,真狩（マッカリ）,,2024,6,13,,,25.0,8,13,17,8,6.2,0.6,88.0,0.0,,,1,24.4,4,2024,6,12,32.3,8,2021,7,27,32.0,8,2014,6,3.0,1978.0,2024-06-13
16286,北海道後志地方,喜茂別（キモベツ）,,2024,6,13,,,27.0,8,14,34,8,6.7,1.8,88.0,0.0,,,1,25.7,4,2024,6,8,34.5,8,2023,8,25,33.3,8,2014,6,4.0,1977.0,2024-06-13
16321,北海道後志地方,黒松内（クロマツナイ）,,2024,6,13,,,24.2,8,11,36,8,4.8,,7.0,3.0,,,0,25.2,4,2024,6,12,34.5,8,2021,7,18,31.0,8,2014,6,3.0,1977.0,2024-06-13
17036,北海道網走・北見・紋別地方,雄武（オウム）,47405.0,2024,6,13,,,20.6,8,4,2,8,4.6,-1.3,7.0,3.0,,,0,26.8,4,2024,5,12,35.3,8,2023,8,17,35.1,8,2014,6,3.0,1942.0,2024-06-13
17076,北海道網走・北見・紋別地方,興部（オコッペ）,,2024,6,13,,,15.0,8,3,6,8,-2.1,-9.5,5.0,3.0,,,0,27.9,4,2024,5,12,34.3,8,1999,8,9,33.4,8,2014,6,3.0,1977.0,2024-06-13
17091,北海道網走・北見・紋別地方,西興部（ニシオコッペ）,,2024,6,13,,,19.4,8,6,58,8,-0.6,-7.6,6.0,1.0,,,0,27.9,4,2024,6,8,36.4,8,1978,8,3,33.7,8,2014,6,4.0,1977.0,2024-06-13
17112,北海道網走・北見・紋別地方,紋別（モンベツ）,47435.0,2024,6,13,,,17.6,8,0,3,8,1.0,-5.1,6.0,3.0,,,0,27.8,4,2024,5,12,37.0,8,2019,5,26,32.7,8,2010,6,26.0,1956.0,2024-06-13
17116,北海道網走・北見・紋別地方,紋別小向（モンベツコムカイ）,,2024,6,13,,,15.1,8,1,27,8,-2.0,-6.8,5.0,3.0,,,0,27.5,4,2024,6,9,37.2,8,2019,5,26,35.2,8,2014,6,3.0,2003.0,2024-06-13
17166,北海道網走・北見・紋別地方,湧別（ユウベツ）,,2024,6,13,,,15.6,8,4,41,8,-2.3,-8.7,5.0,2.0,,,0,28.4,4,2024,6,9,38.5,8,2019,5,26,33.8,8,2010,6,26.0,1977.0,2024-06-13
17196,北海道網走・北見・紋別地方,滝上（タキノウエ）,,2024,6,13,,,21.1,8,6,25,8,0.1,-5.0,6.0,2.0,,,0,29.2,4,2024,6,8,37.7,8,1978,8,3,34.8,8,2014,6,4.0,1977.0,2024-06-13
17246,北海道網走・北見・紋別地方,常呂（トコロ）,,2024,6,13,,,17.2,8,0,1,8,-1.3,-9.0,5.0,3.0,,,0,29.6,4,2024,6,8,36.9,8,1994,8,7,32.7,8,2005,6,23.0,1977.0,2024-06-13
17306,北海道網走・北見・紋別地方,遠軽（エンガル）,,2024,6,13,,,16.4,8,0,14,8,-4.1,-10.7,5.0,2.0,,,0,28.2,4,2024,6,8,37.7,8,2019,5,26,36.9,8,2014,6,3.0,1977.0,2024-06-13
17316,北海道網走・北見・紋別地方,佐呂間（サロマ）,,2024,6,13,,,16.0,8,6,4,8,-4.1,-10.7,5.0,2.0,,,0,27.8,4,2024,6,8,39.5,8,2019,5,26,34.4,8,2010,6,26.0,1977.0,2024-06-13
17341,北海道網走・北見・紋別地方,網走（アバシリ）,47409.0,2024,6,13,,,21.7,8,0,36,8,4.1,0.6,7.0,2.0,,,0,26.1,4,2024,5,18,37.6,8,1994,8,7,34.0,8,1936,6,14.0,1889.0,2024-06-13
17351,北海道網走・北見・紋別地方,宇登呂（ウトロ）,,2024,6,13,,,23.3,8,0,40,8,5.0,-1.9,7.0,3.0,,,0,27.9,4,2024,4,27,35.3,8,2020,8,11,32.9,8,2014,6,3.0,1978.0,2024-06-13
17482,北海道網走・北見・紋別地方,白滝（シラタキ）,,2024,6,13,,,22.4,8,8,47,8,2.4,-4.9,7.0,1.0,,,0,27.5,4,2024,6,8,34.0,8,2017,7,15,33.4,8,2014,6,4.0,1993.0,2024-06-13
17501,北海道網走・北見・紋別地方,生田原（イクタハラ）,,2024,6,13,,,19.6,8,8,47,8,-1.2,-7.5,5.0,3.0,,,0,30.1,4,2024,4,27,37.0,8,2019,5,26,36.4,8,2014,6,3.0,1977.0,2024-06-13
17521,北海道網走・北見・紋別地方,北見（キタミ）,,2024,6,13,,,19.0,8,9,52,8,-2.2,-9.8,5.0,3.0,,,0,28.8,4,2024,6,12,38.1,8,2019,5,26,37.2,8,2014,6,3.0,1976.0,2024-06-13
17531,北海道網走・北見・紋別地方,女満別（メマンベツ）,,2024,6,13,,,18.1,8,6,34,8,-2.5,-10.2,5.0,3.0,,,0,29.9,4,2024,4,27,37.7,8,2019,5,26,35.7,8,2014,6,3.0,2003.0,2024-06-13
17546,北海道網走・北見・紋別地方,小清水（コシミズ）,,2024,6,13,,,18.9,8,7,1,8,-0.6,-8.0,6.0,1.0,,,0,28.2,4,2024,5,18,36.7,8,2019,5,26,34.9,8,2014,6,3.0,1977.0,2024-06-13
17561,北海道網走・北見・紋別地方,斜里（シャリ）,,2024,6,13,,,18.0,8,7,18,8,-1.1,-7.7,5.0,3.0,,,0,27.6,4,2024,4,27,37.1,8,2023,8,26,32.8,8,2005,6,23.0,1977.0,2024-06-13
17596,北海道網走・北見・紋別地方,留辺蘂（ルベシベ）,,2024,6,13,,,22.1,8,9,28,8,1.6,-5.8,6.0,3.0,,,0,28.5,4,2024,6,8,36.4,8,2019,5,26,36.2,8,2014,6,3.0,1978.0,2024-06-13
17607,北海道網走・北見・紋別地方,境野（サカイノ）,,2024,6,13,,,20.4,8,10,39,8,-0.1,-8.0,6.0,1.0,,,0,29.5,4,2024,4,27,37.4,8,2021,7,18,37.0,8,2014,6,3.0,1977.0,2024-06-13
17631,北海道網走・北見・紋別地方,美幌（ビホロ）,,2024,6,13,,,20.0,8,6,51,8,-0.2,-8.7,6.0,1.0,,,0,28.8,4,2024,4,27,37.4,8,2019,5,26,37.2,8,2014,6,3.0,1977.0,2024-06-13
17717,北海道網走・北見・紋別地方,津別（ツベツ）,,2024,6,13,,,19.1,8,9,10,8,-2.0,-11.2,5.0,3.0,,,0,30.3,4,2024,6,12,38.0,8,2019,5,26,36.7,8,2014,6,3.0,1988.0,2024-06-13
18038,北海道根室地方,羅臼（ラウス）,,2024,6,13,,,17.5,8,9,29,8,2.7,-3.4,7.0,1.0,,,0,23.3,4,2024,5,18,32.6,8,2022,6,26,32.6,8,2022,6,26.0,2005.0,2024-06-13
18136,北海道根室地方,標津（シベツ）,,2024,6,13,,,16.6,8,11,58,8,1.2,0.7,6.0,3.0,,,0,27.1,4,2024,5,18,35.0,8,2010,8,6,33.7,8,2010,6,26.0,1977.0,2024-06-13
18161,北海道根室地方,上標津（カミシベツ）,,2024,6,13,,,23.5,8,10,26,8,5.9,-2.5,7.0,3.0,,,0,26.6,4,2024,5,19,35.2,8,2019,5,26,33.3,8,2010,6,26.0,2003.0,2024-06-13
18171,北海道根室地方,中標津（ナカシベツ）,,2024,6,13,,,22.1,8,10,32,8,4.5,-4.9,7.0,3.0,,,0,27.0,4,2024,6,12,36.5,8,2019,5,26,34.6,8,2010,6,26.0,1977.0,2024-06-13
18174,北海道根室地方,根室中標津（ネムロナカシベツ）,,2024,6,13,,,21.4,8,10,26,8,3.5,-5.2,7.0,3.0,,,0,26.6,4,2024,6,12,36.8,8,2019,5,26,34.2,8,2010,6,26.0,2003.0,2024-06-13
18256,北海道根室地方,別海（ベツカイ）,,2024,6,13,,,24.5,8,11,18,8,7.1,-1.7,88.0,0.0,,,0,27.1,4,2024,5,18,36.6,8,2019,5,26,34.7,8,2010,6,26.0,1977.0,2024-06-13
18273,北海道根室地方,根室（ネムロ）,47420.0,2024,6,13,,,22.1,8,11,0,8,7.6,-0.2,88.0,0.0,,,0,22.4,4,2024,5,19,34.0,8,2019,5,26,32.1,8,2010,6,26.0,1879.0,2024-06-13
18281,北海道根室地方,納沙布（ノサップ）,,2024,6,13,,,21.7,8,13,35,8,8.2,1.9,88.0,0.0,,,1,21.7,4,2024,5,19,33.5,8,2020,8,11,31.0,8,2010,6,26.0,1977.0,2024-06-13
18311,北海道根室地方,厚床（アットコ）,,2024,6,13,,,23.8,8,13,27,8,7.8,1.2,88.0,0.0,,,0,25.9,4,2024,5,19,34.9,8,2015,8,5,31.8,8,2010,6,26.0,1977.0,2024-06-13
19021,北海道釧路地方,川湯（カワユ）,,2024,6,13,,,22.7,8,9,44,8,4.1,,7.0,3.0,,,0,27.1,4,2024,5,18,36.0,8,2019,5,26,34.4,8,2010,6,26.0,1977.0,2024-06-13
19051,北海道釧路地方,弟子屈（テシカガ）,,2024,6,13,,,24.4,8,10,8,8,7.0,-0.7,88.0,0.0,,,0,26.6,4,2024,5,18,35.7,8,2019,5,26,33.7,8,2010,6,26.0,1977.0,2024-06-13
19076,北海道釧路地方,阿寒湖畔（アカンコハン）,,2024,6,13,,,26.2,8,10,12,8,7.8,0.0,88.0,0.0,,,0,27.5,4,2024,5,19,35.5,8,2019,5,26,34.5,8,2014,6,3.0,1977.0,2024-06-13
19151,北海道釧路地方,標茶（シベチャ）,,2024,6,13,,,27.2,8,12,52,8,8.8,1.0,88.0,0.0,,,0,27.5,4,2024,5,19,35.1,8,2023,8,25,32.7,8,2010,6,26.0,1977.0,2024-06-13
19191,北海道釧路地方,鶴居（ツルイ）,,2024,6,13,,,28.0,8,12,45,8,9.5,3.4,88.0,0.0,,,1,27.8,4,2024,5,19,35.1,8,2010,8,7,32.0,8,1980,6,6.0,1977.0,2024-06-13
19261,北海道釧路地方,中徹別（ナカテシベツ）,,2024,6,13,,,28.7,8,12,24,8,9.4,2.7,88.0,0.0,,,0,30.7,4,2024,5,19,36.1,8,2019,5,26,33.7,8,2010,6,26.0,1977.0,2024-06-13
19311,北海道釧路地方,榊町（サカキマチ）,,2024,6,13,,,21.0,8,8,24,8,6.5,-0.1,8.0,1.0,,,0,24.3,4,2024,5,18,35.5,8,2010,8,7,30.7,8,2005,6,24.0,1977.0,2024-06-13
19347,北海道釧路地方,鶴丘（ツルオカ）,,2024,6,13,,,23.1,8,10,47,8,6.7,2.1,8.0,1.0,,,0,24.8,4,2024,5,19,35.6,8,2007,8,15,31.9,8,2005,6,24.0,2003.0,2024-06-13
19376,北海道釧路地方,太田（オオタ）,,2024,6,13,,,23.6,8,10,27,8,7.5,0.6,88.0,0.0,,,0,25.8,4,2024,5,19,34.7,8,2010,8,7,32.2,8,2010,6,26.0,1977.0,2024-06-13
19416,北海道釧路地方,白糠（シラヌカ）,,2024,6,13,,,20.8,8,16,6,8,4.9,2.6,7.0,3.0,,,0,24.8,4,2024,5,19,35.5,8,2007,8,15,31.1,8,2005,6,24.0,1977.0,2024-06-13
19432,北海道釧路地方,釧路（クシロ）,47418.0,2024,6,13,,,20.6,8,16,54,8,5.1,1.3,7.0,3.0,,,0,22.5,4,2024,6,11,33.5,8,2022,7,31,32.4,8,2010,6,26.0,1910.0,2024-06-13
19451,北海道釧路地方,知方学（チッポマナイ）,,2024,6,13,,,18.0,8,13,53,8,4.3,0.8,7.0,2.0,,,0,21.1,4,2024,5,19,31.5,8,2010,6,26,31.5,8,2010,6,26.0,1978.0,2024-06-13
20146,北海道十勝地方,陸別（リクベツ）,,2024,6,13,,,26.1,8,10,59,8,5.9,-2.0,88.0,0.0,,,0,28.7,4,2024,5,19,37.8,8,2019,5,26,35.5,8,2010,6,26.0,1977.0,2024-06-13
20186,北海道十勝地方,ぬかびら源泉郷（ヌカビラゲンセンキョウ）,,2024,6,13,,,28.1,8,12,5,8,9.4,0.6,88.0,0.0,,,1,27.5,4,2024,6,12,34.5,8,2019,5,26,33.7,8,2010,6,26.0,1976.0,2024-06-13
20266,北海道十勝地方,上士幌（カミシホロ）,,2024,6,13,,,29.5,8,12,57,8,10.1,1.4,88.0,0.0,,,1,28.1,4,2024,6,12,36.6,8,2010,6,26,36.6,8,2010,6,26.0,1977.0,2024-06-13
20276,北海道十勝地方,足寄（アショロ）,,2024,6,13,,,30.5,8,12,42,8,9.3,0.4,88.0,0.0,,,1,30.1,4,2024,6,12,38.8,8,2019,5,26,37.1,8,2010,6,26.0,1977.0,2024-06-13
20341,北海道十勝地方,本別（ホンベツ）,,2024,6,13,,,30.6,8,12,38,8,9.7,1.1,88.0,0.0,,,1,29.5,4,2024,6,12,37.2,8,2019,5,26,35.6,8,2010,6,26.0,1976.0,2024-06-13
20356,北海道十勝地方,新得（シントク）,,2024,6,13,,,29.9,8,12,2,8,9.7,0.0,88.0,0.0,,,1,29.9,4,2024,6,12,36.2,8,1999,8,9,35.9,8,2014,6,3.0,1977.0,2024-06-13
20361,北海道十勝地方,鹿追（シカオイ）,,2024,6,13,,,30.1,8,12,34,8,10.3,0.6,88.0,0.0,,,1,29.5,4,2024,6,12,36.5,8,2019,5,26,36.0,8,2014,6,3.0,1978.0,2024-06-13
20371,北海道十勝地方,駒場（コマバ）,,2024,6,13,,,30.8,8,12,45,8,10.6,2.5,88.0,0.0,,,1,28.3,4,2024,6,12,37.8,8,2014,6,3,37.8,8,2014,6,3.0,1977.0,2024-06-13
20421,北海道十勝地方,芽室（メムロ）,,2024,6,13,,,29.5,8,14,18,8,8.9,0.2,88.0,0.0,,,1,29.3,4,2024,6,12,38.1,8,2019,5,26,36.3,8,2014,6,3.0,1977.0,2024-06-13
20432,北海道十勝地方,帯広（オビヒロ）,47417.0,2024,6,13,,,30.2,8,12,25,8,9.4,0.9,88.0,0.0,,,1,29.5,4,2024,5,19,38.8,8,2019,5,26,36.0,8,2010,6,26.0,1892.0,2024-06-13
20441,北海道十勝地方,池田（イケダ）,,2024,6,13,,,29.8,8,11,43,8,9.9,1.7,88.0,0.0,,,1,29.8,4,2024,5,19,38.8,8,2019,5,26,35.7,8,2010,6,26.0,1977.0,2024-06-13
20506,北海道十勝地方,浦幌（ウラホロ）,,2024,6,13,,,27.6,5,11,46,5,8.9,0.9,88.0,0.0,,,0,29.5,4,2024,5,19,37.9,8,2019,5,26,36.1,8,2010,6,26.0,1977.0,2024-06-13
20551,北海道十勝地方,帯広泉（オビヒロイズミ）,,2024,6,13,,,29.8,8,13,15,8,10.4,2.4,88.0,0.0,,,1,28.2,4,2024,5,19,37.8,8,2019,5,26,35.0,8,2010,6,26.0,2003.0,2024-06-13
20556,北海道十勝地方,糠内（ヌカナイ）,,2024,6,13,,,30.2,8,12,3,8,10.1,2.4,88.0,0.0,,,1,29.2,4,2024,5,19,38.4,8,2019,5,26,35.5,8,2010,6,26.0,1978.0,2024-06-13
20601,北海道十勝地方,上札内（カミサツナイ）,,2024,6,13,,,28.9,8,12,53,8,10.4,2.3,88.0,0.0,,,1,27.5,4,2024,4,27,36.7,8,2019,5,26,33.5,8,2010,6,26.0,1977.0,2024-06-13
20606,北海道十勝地方,更別（サラベツ）,,2024,6,13,,,29.4,8,12,0,8,10.3,2.3,88.0,0.0,,,1,29.1,4,2024,5,19,38.0,8,2019,5,26,34.9,4,2010,6,26.0,1977.0,2024-06-13
20631,北海道十勝地方,大津（オオツ）,,2024,6,13,,,19.7,8,12,40,8,4.5,0.5,7.0,2.0,,,0,23.2,4,2024,5,19,34.6,8,2010,8,6,34.5,8,2010,6,26.0,1977.0,2024-06-13
20696,北海道十勝地方,大樹（タイキ）,,2024,6,13,,,26.7,8,15,31,8,8.8,0.9,88.0,0.0,,,0,29.0,4,2024,5,19,35.8,8,2023,8,26,35.2,8,2010,6,26.0,1977.0,2024-06-13
20751,北海道十勝地方,広尾（ヒロオ）,47440.0,2024,6,13,,,30.2,8,15,41,8,14.1,7.0,88.0,0.0,,,1,28.4,4,2024,5,19,35.8,8,2019,5,26,33.3,8,2010,6,26.0,1958.0,2024-06-13
21111,北海道胆振地方,厚真（アツマ）,,2024,6,13,,,27.1,8,13,53,8,7.4,3.0,88.0,0.0,,,1,25.1,4,2024,5,19,34.1,8,2021,8,6,30.8,8,2010,6,26.0,1977.0,2024-06-13
21126,北海道胆振地方,穂別（ホベツ）,,2024,6,13,,,28.5,8,12,14,8,7.6,3.1,88.0,0.0,,,1,26.0,4,2024,5,19,34.8,8,2023,8,25,32.6,8,2010,6,27.0,1977.0,2024-06-13
21161,北海道胆振地方,大滝（オオタキ）,,2024,6,13,,,26.2,8,12,47,8,6.4,1.9,88.0,0.0,,,1,25.1,4,2024,4,15,33.1,8,2023,8,24,32.5,8,2014,6,4.0,1977.0,2024-06-13
21171,北海道胆振地方,森野（モリノ）,,2024,6,13,,,25.4,8,12,41,8,7.1,2.1,88.0,0.0,,,1,24.1,4,2024,5,23,33.1,8,2021,7,27,30.4,8,2010,6,26.0,1977.0,2024-06-13
21187,北海道胆振地方,苫小牧（トマコマイ）,47424.0,2024,6,13,,,21.2,8,19,5,8,4.4,2.2,7.0,2.0,,,0,22.1,4,2024,5,19,35.5,8,2007,8,15,30.6,8,2010,6,26.0,1942.0,2024-06-13
21226,北海道胆振地方,大岸（オオキシ）,,2024,6,13,,,23.6,8,13,46,8,5.0,-1.8,7.0,3.0,,,0,25.4,4,2024,6,12,33.6,8,2021,7,20,29.3,8,2010,6,26.0,1977.0,2024-06-13
21261,北海道胆振地方,白老（シラオイ）,,2024,6,13,,,20.1,8,14,22,8,3.4,1.0,7.0,1.0,,,0,22.4,4,2024,5,18,33.3,8,2021,7,18,31.1,8,2010,6,26.0,1977.0,2024-06-13
21276,北海道胆振地方,鵡川（ムカワ）,,2024,6,13,,,24.4,8,10,2,8,6.0,1.2,8.0,1.0,,,1,23.2,4,2024,6,12,33.5,8,1994,8,10,30.5,8,2010,6,27.0,1978.0,2024-06-13
21297,北海道胆振地方,伊達（ダテ）,,2024,6,13,,,23.2,8,11,59,8,3.9,-3.1,7.0,1.0,,,0,26.3,4,2024,6,12,33.5,8,2023,8,22,28.9,8,2010,6,27.0,2007.0,2024-06-13
21312,北海道胆振地方,登別（ノボリベツ）,,2024,6,13,,,25.5,8,13,7,8,7.6,1.4,88.0,0.0,,,1,24.1,4,2024,6,12,32.4,8,2021,7,20,29.1,8,2010,6,26.0,1977.0,2024-06-13
21323,北海道胆振地方,室蘭（ムロラン）,47423.0,2024,6,13,,,22.9,8,14,44,8,5.3,-0.5,7.0,3.0,,,0,23.4,4,2024,6,12,32.8,8,1929,8,8,28.7,8,2010,6,26.0,1923.0,2024-06-13
22036,北海道日高地方,日高（ヒダカ）,,2024,6,13,,,28.3,8,12,55,8,7.1,2.4,88.0,0.0,,,1,27.2,4,2024,6,8,35.8,8,2021,7,31,34.4,8,2014,6,3.0,1977.0,2024-06-13
22141,北海道日高地方,日高門別（ヒダカモンベツ）,,2024,6,13,,,24.2,8,12,50,8,6.2,2.1,8.0,1.0,,,1,22.1,4,2024,6,12,32.2,8,2021,7,27,31.3,8,2010,6,27.0,1976.0,2024-06-13
22156,北海道日高地方,新和（シンワ）,,2024,6,13,,,28.5,8,13,26,8,7.4,3.3,88.0,0.0,,,1,25.9,4,2024,6,8,36.0,8,2007,8,13,33.2,8,2010,6,26.0,1977.0,2024-06-13
22241,北海道日高地方,静内（シズナイ）,,2024,6,13,,,26.5,8,9,42,8,8.5,3.0,88.0,0.0,,,1,23.5,4,2024,6,12,33.8,8,2023,8,28,28.4,8,2003,6,21.0,1977.0,2024-06-13
22291,北海道日高地方,三石（ミツイシ）,,2024,6,13,,,27.2,8,10,23,8,8.7,3.9,88.0,0.0,,,1,23.5,4,2024,4,27,33.4,8,2023,8,28,28.4,8,2003,6,21.0,1977.0,2024-06-13
22306,北海道日高地方,中杵臼（ナカキネウス）,,2024,6,13,,,28.7,8,11,7,8,8.6,3.3,88.0,0.0,,,1,25.9,4,2024,4,27,33.8,8,2023,8,25,30.5,8,2010,6,29.0,1978.0,2024-06-13
22327,北海道日高地方,浦河（ウラカワ）,47426.0,2024,6,13,,,24.6,8,9,22,8,8.0,2.4,88.0,0.0,,,1,22.2,4,2024,6,12,31.5,8,2023,8,28,27.2,8,1980,6,7.0,1927.0,2024-06-13
22391,北海道日高地方,えりも岬（エリモミサキ）,,2024,6,13,,,19.4,8,14,20,8,6.1,0.2,8.0,1.0,,,1,19.2,4,2024,6,12,28.5,8,2023,8,27,22.3,8,2009,6,25.0,1978.0,2024-06-13
23031,北海道渡島地方,長万部（オシャマンベ）,,2024,6,13,,,23.3,8,14,34,8,5.5,1.4,7.0,3.0,,,0,23.5,4,2024,5,23,32.6,8,2021,7,18,29.9,8,2010,6,26.0,1977.0,2024-06-13
23086,北海道渡島地方,八雲（ヤクモ）,,2024,6,13,,,23.5,8,16,38,8,5.6,-3.3,7.0,3.0,,,0,26.8,4,2024,6,12,33.5,8,2021,7,20,30.4,8,2010,6,26.0,1977.0,2024-06-13
23166,北海道渡島地方,森（モリ）,,2024,6,13,,,25.0,5,13,15,5,5.4,-1.1,7.0,3.0,,,0,26.1,4,2024,6,12,33.6,8,2023,8,31,29.4,8,2010,6,26.0,2002.0,2024-06-13
23206,北海道渡島地方,川汲（カックミ）,,2024,6,13,,,25.8,8,16,12,8,8.4,-0.5,88.0,0.0,,,0,26.3,4,2024,6,12,33.4,8,2023,8,31,27.6,8,2003,6,21.0,1977.0,2024-06-13
23226,北海道渡島地方,北斗（ホクト）,,2024,6,13,,,26.6,8,13,2,8,6.5,-0.6,88.0,0.0,,,0,27.2,4,2024,6,12,34.5,8,2023,8,24,29.5,8,2021,6,11.0,1977.0,2024-06-13
23232,北海道渡島地方,函館（ハコダテ）,47430.0,2024,6,13,,,26.0,8,12,36,8,5.9,-0.1,7.0,3.0,,,0,26.1,4,2024,6,12,35.4,8,2023,8,10,29.1,8,2010,6,26.0,1872.0,2024-06-13
23281,北海道渡島地方,高松（タカマツ）,,2024,6,13,,,23.4,8,15,39,8,4.8,0.5,7.0,3.0,,,1,22.9,4,2024,6,12,33.1,8,2023,8,10,29.3,8,2010,6,26.0,2003.0,2024-06-13
23326,北海道渡島地方,木古内（キコナイ）,,2024,6,13,,,28.2,8,14,34,8,9.9,0.9,88.0,0.0,,,1,27.3,4,2024,6,12,34.2,8,2023,7,29,29.4,8,2017,6,30.0,1977.0,2024-06-13
23376,北海道渡島地方,松前（マツマエ）,,2024,6,13,,,24.6,8,13,39,8,4.8,-0.9,7.0,3.0,,,0,25.5,4,2024,6,12,34.2,8,2023,8,24,29.3,8,2014,6,5.0,1977.0,2024-06-13
24141,北海道渡島地方,熊石（クマイシ）,,2024,6,13,,,22.2,8,11,0,8,2.7,-0.1,7.0,1.0,,,0,22.7,4,2024,6,8,33.5,8,1978,8,3,28.9,8,2005,6,22.0,1977.0,2024-06-13
24041,北海道檜山地方,せたな（セタナ）,,2024,6,13,,,21.6,8,11,7,8,3.0,-3.9,7.0,1.0,,,0,25.5,4,2024,6,12,32.8,8,1999,8,4,31.7,8,2014,6,4.0,1977.0,2024-06-13
24051,北海道檜山地方,今金（イマカネ）,,2024,6,13,,,25.9,8,13,6,8,6.2,-0.1,8.0,1.0,,,0,26.0,4,2024,6,12,34.8,8,2006,8,9,31.3,8,2014,6,4.0,1977.0,2024-06-13
24101,北海道檜山地方,奥尻（オクシリ）,,2024,6,13,,,21.9,8,13,5,8,3.3,1.0,7.0,1.0,,,1,20.9,4,2024,6,12,32.8,8,2023,8,10,26.4,8,2023,6,28.0,2000.0,2024-06-13
24156,北海道檜山地方,米岡（ヨネオカ）,,2024,6,13,,,20.9,8,13,48,8,2.4,0.3,7.0,1.0,,,0,21.1,4,2024,5,16,32.7,8,2023,8,10,26.7,8,2014,6,28.0,2003.0,2024-06-13
24201,北海道檜山地方,鶉（ウズラ）,,2024,6,13,,,25.7,8,13,24,8,5.2,-0.4,7.0,3.0,,,0,26.7,4,2024,6,8,35.0,8,2023,8,10,33.0,8,2014,6,4.0,1977.0,2024-06-13
24217,北海道檜山地方,江差（エサシ）,47428.0,2024,6,13,,,22.8,8,13,21,8,3.2,-0.3,7.0,1.0,,,0,23.3,4,2024,6,8,34.6,8,2023,8,31,30.5,8,2014,6,5.0,1941.0,2024-06-13
31001,青森県,大間（オオマ）,,2024,6,13,,,25.6,8,12,57,8,7.7,0.6,88.0,0.0,,,1,25.0,4,2024,6,12,32.9,8,2023,8,24,26.8,8,2021,6,11.0,1976.0,2024-06-13
31111,青森県,むつ（ムツ）,47576.0,2024,6,13,,,27.6,8,10,55,8,7.2,1.1,88.0,0.0,,,1,26.7,4,2024,5,23,35.3,8,2023,8,10,30.3,8,1987,6,7.0,1935.0,2024-06-13
31121,青森県,小田野沢（オダノサワ）,,2024,6,13,,,24.6,8,11,0,8,6.7,1.6,8.0,1.0,,,0,27.0,4,2024,5,23,34.9,8,2023,8,4,29.9,8,2020,6,10.0,1976.0,2024-06-13
31136,青森県,今別（イマベツ）,,2024,6,13,,,25.3,8,15,39,8,5.6,-1.0,7.0,3.0,,,0,26.3,4,2024,6,12,33.7,8,2023,8,26,30.8,8,1987,6,7.0,1976.0,2024-06-13
31156,青森県,脇野沢（ワキノサワ）,,2024,6,13,,,28.6,8,13,2,8,9.0,3.5,88.0,0.0,,,1,25.2,4,2024,5,23,34.6,8,2023,8,24,31.1,8,1987,6,7.0,1976.0,2024-06-13
31186,青森県,市浦（シウラ）,,2024,6,13,,,27.7,5,9,55,5,7.2,0.5,88.0,0.0,,,1,27.2,4,2024,6,12,37.2,8,2023,8,10,31.1,8,2005,6,22.0,1976.0,2024-06-13
31201,青森県,蟹田（カニタ）,,2024,6,13,,,27.4,8,13,31,8,8.0,2.1,88.0,0.0,,,1,25.9,4,2024,5,23,34.6,8,2023,8,24,30.4,8,2009,6,26.0,1976.0,2024-06-13
31296,青森県,五所川原（ゴショガワラ）,,2024,6,13,,,30.3,8,10,17,8,7.8,-1.5,88.0,0.0,,,0,31.8,4,2024,6,12,39.0,8,2023,8,10,33.8,8,1987,6,7.0,1976.0,2024-06-13
31312,青森県,青森（アオモリ）,47575.0,2024,6,13,,,27.0,8,11,31,8,5.3,0.2,7.0,3.0,,,0,28.4,4,2024,5,23,36.7,8,1994,8,12,33.5,8,1987,6,7.0,1882.0,2024-06-13
31332,青森県,野辺地（ノヘジ）,,2024,6,13,,,27.7,8,15,48,8,8.1,0.3,88.0,0.0,,,1,27.7,4,2024,5,23,35.6,8,2023,8,10,32.2,8,2009,6,26.0,2008.0,2024-06-13
31336,青森県,六ケ所（ロッカショ）,,2024,6,13,,,28.6,8,10,35,8,9.2,2.7,88.0,0.0,,,0,28.8,4,2024,5,23,34.4,8,2023,8,24,34.1,8,1987,6,7.0,1982.0,2024-06-13
31366,青森県,鰺ケ沢（アジガサワ）,,2024,6,13,,,27.0,8,11,57,8,6.1,-2.4,7.0,3.0,,,0,29.4,4,2024,6,12,36.9,8,2023,8,10,31.4,8,1987,6,7.0,1976.0,2024-06-13
31386,青森県,青森大谷（アオモリオオタニ）,,2024,6,13,,,29.4,5,11,24,5,8.2,-0.8,88.0,0.0,,,0,30.2,4,2024,6,12,35.7,8,2023,8,10,30.3,8,2020,6,10.0,2003.0,2024-06-13
31436,青森県,深浦（フカウラ）,47574.0,2024,6,13,,,26.0,8,11,47,8,4.6,-0.7,7.0,3.0,,,0,26.7,4,2024,6,12,37.9,8,1978,8,3,29.6,8,1987,6,25.0,1940.0,2024-06-13
31461,青森県,弘前（ヒロサキ）,,2024,6,13,,,31.2,8,12,30,8,7.7,0.0,88.0,0.0,,,1,31.2,4,2024,6,12,39.3,8,2023,8,10,33.7,8,2021,6,11.0,1976.0,2024-06-13
31466,青森県,黒石（クロイシ）,,2024,6,13,,,29.5,8,11,56,8,7.2,-1.2,88.0,0.0,,,0,30.7,4,2024,6,12,36.4,8,2023,8,10,32.5,8,2021,6,11.0,1976.0,2024-06-13
31482,青森県,酸ケ湯（スカユ）,,2024,6,13,,,24.2,8,13,14,8,6.9,0.5,88.0,0.0,,,1,23.7,4,2024,6,12,30.8,8,1978,8,3,27.0,8,2021,6,11.0,1976.0,2024-06-13
31506,青森県,三沢（ミサワ）,,2024,6,13,,,28.8,8,15,9,8,8.8,4.4,88.0,0.0,,,0,29.3,4,2024,5,23,37.0,8,2023,8,5,35.3,8,1987,6,7.0,1976.0,2024-06-13
31586,青森県,十和田（トワダ）,,2024,6,13,,,30.3,8,11,51,8,9.0,3.5,88.0,0.0,,,1,28.7,4,2024,5,19,35.8,8,2004,7,31,33.8,8,1987,6,7.0,1976.0,2024-06-13
31602,青森県,八戸（ハチノヘ）,47581.0,2024,6,13,,,29.1,8,12,48,8,8.4,0.8,88.0,0.0,,,0,29.2,4,2024,5,23,37.0,8,1978,8,3,34.5,8,1987,6,7.0,1936.0,2024-06-13
31646,青森県,碇ケ関（イカリガセキ）,,2024,6,13,,,29.7,8,12,49,8,6.7,0.7,88.0,0.0,,,1,29.0,4,2024,6,12,37.9,8,1999,8,10,33.0,8,2021,6,11.0,1976.0,2024-06-13
31662,青森県,休屋（ヤスミヤ）,,2024,6,13,,,27.6,8,14,54,8,7.6,0.8,88.0,0.0,,,1,26.8,4,2024,6,12,33.7,8,2021,8,7,30.6,8,2021,6,11.0,1982.0,2024-06-13
31721,青森県,三戸（サンノヘ）,,2024,6,13,,,33.2,8,12,17,8,9.6,0.9,88.0,0.0,,,1,32.3,4,2024,6,12,37.7,8,1999,7,27,35.6,8,1987,6,7.0,1976.0,2024-06-13
32056,秋田県,八森（ハチモリ）,,2024,6,13,,,26.5,8,10,43,8,4.7,0.2,7.0,3.0,,,1,26.3,4,2024,6,12,37.4,8,1978,8,3,31.4,8,2004,6,21.0,1976.0,2024-06-13
32111,秋田県,能代（ノシロ）,,2024,6,13,,,28.5,8,10,21,8,5.5,-0.4,7.0,3.0,,,0,28.9,4,2024,6,12,39.1,8,1978,8,3,33.1,8,1980,6,1.0,1976.0,2024-06-13
32126,秋田県,鷹巣（タカノス）,,2024,6,13,,,30.3,8,11,57,8,6.1,-0.3,88.0,0.0,,,0,30.6,4,2024,6,12,38.9,8,2023,8,8,34.0,8,2014,6,4.0,1976.0,2024-06-13
32136,秋田県,大館（オオダテ）,,2024,6,13,,,31.7,8,12,54,8,7.1,0.4,88.0,0.0,,,1,31.3,4,2024,6,12,38.8,8,2023,8,23,35.1,8,2014,6,3.0,1976.0,2024-06-13
32146,秋田県,鹿角（カヅノ）,,2024,6,13,,,30.4,8,13,45,8,6.8,0.7,88.0,0.0,,,1,29.7,4,2024,6,12,37.0,8,2000,7,31,33.5,8,2014,6,3.0,1976.0,2024-06-13
32181,秋田県,脇神（ワキガミ）,,2024,6,13,,,29.3,8,10,59,8,5.4,0.1,8.0,1.0,,,1,29.2,4,2024,6,12,37.3,8,2019,8,15,33.0,8,2013,6,13.0,2003.0,2024-06-13
32206,秋田県,湯瀬（ユゼ）,,2024,6,13,,,31.2,8,13,58,8,7.8,1.4,88.0,0.0,,,1,29.8,4,2024,6,12,36.0,8,2000,7,31,33.4,8,2021,6,11.0,1976.0,2024-06-13
32266,秋田県,八幡平（ハチマンタイ）,,2024,6,13,,,27.5,8,11,48,8,6.9,0.8,88.0,0.0,,,1,27.2,4,2024,4,27,32.8,8,2007,8,14,30.5,4,1980,6,7.0,1978.0,2024-06-13
32286,秋田県,男鹿（オガ）,,2024,6,13,,,25.1,8,9,58,8,2.7,-0.5,7.0,1.0,,,0,27.8,4,2024,4,15,35.6,8,2000,7,31,32.7,8,2004,6,21.0,1976.0,2024-06-13
32287,秋田県,大潟（オオガタ）,,2024,6,13,,,27.4,8,10,36,8,4.8,-0.9,7.0,3.0,,,0,28.3,4,2024,6,12,38.1,8,1978,8,3,31.8,8,2004,6,21.0,1977.0,2024-06-13
32296,秋田県,五城目（ゴジョウメ）,,2024,6,13,,,27.9,8,9,36,8,3.9,-0.7,7.0,3.0,,,0,28.6,4,2024,6,12,38.1,8,2020,9,3,33.3,8,2013,6,13.0,1976.0,2024-06-13
32311,秋田県,阿仁合（アニアイ）,,2024,6,13,,,29.7,8,13,4,8,5.7,0.1,88.0,0.0,,,1,29.6,4,2024,6,12,37.1,8,1978,8,3,33.3,8,2013,6,13.0,1976.0,2024-06-13
32402,秋田県,秋田（アキタ）,47582.0,2024,6,13,,,28.0,8,11,22,8,4.4,-1.1,7.0,3.0,,,0,29.1,4,2024,6,12,38.5,8,2023,8,23,33.8,8,2013,6,13.0,1882.0,2024-06-13
32407,秋田県,岩見三内（イワミサンナイ）,,2024,6,13,,,28.1,8,12,16,8,4.3,-0.5,7.0,3.0,,,0,29.5,4,2024,6,8,37.7,8,2000,7,31,33.4,8,2013,6,13.0,1976.0,2024-06-13
32451,秋田県,雄和（ユウワ）,,2024,6,13,,,29.2,8,12,10,8,5.7,-0.4,7.0,3.0,,,0,29.6,4,2024,6,12,37.2,8,2023,8,23,33.3,8,2021,6,11.0,2003.0,2024-06-13
32466,秋田県,角館（カクノダテ）,,2024,6,13,,,31.3,8,13,20,8,6.3,-0.5,88.0,0.0,,,0,31.8,4,2024,6,12,37.8,8,2000,7,31,34.5,8,2009,6,28.0,1976.0,2024-06-13
32476,秋田県,田沢湖（タザワコ）,,2024,6,13,,,30.7,8,12,27,8,7.8,0.8,88.0,0.0,,,1,29.9,4,2024,6,12,36.5,8,2018,8,23,32.6,4,1980,6,7.0,1976.0,2024-06-13
32496,秋田県,大正寺（ダイショウジ）,,2024,6,13,,,29.1,8,12,21,8,5.3,-0.7,7.0,3.0,,,0,29.8,4,2024,6,12,37.2,8,1978,8,3,32.8,8,2021,6,11.0,1976.0,2024-06-13
32551,秋田県,大曲（オオマガリ）,,2024,6,13,,,29.8,8,13,35,8,5.4,-0.6,7.0,3.0,,,0,30.4,4,2024,6,12,37.6,8,2000,7,31,34.3,8,2021,6,11.0,1976.0,2024-06-13
32571,秋田県,本荘（ホンジョウ）,,2024,6,13,,,27.8,8,10,28,8,4.2,-1.6,7.0,2.0,,,0,29.4,4,2024,6,12,37.8,8,2018,8,23,32.9,8,2013,6,13.0,1976.0,2024-06-13
32581,秋田県,東由利（ヒガシユリ）,,2024,6,13,,,31.1,8,13,2,8,6.5,-0.5,88.0,0.0,,,0,31.6,4,2024,6,12,38.0,8,2000,7,31,33.9,8,2013,6,13.0,1976.0,2024-06-13
32596,秋田県,横手（ヨコテ）,,2024,6,13,,,31.4,8,14,7,8,6.5,0.2,88.0,0.0,,,1,31.2,4,2024,6,12,39.2,8,2023,8,31,34.6,8,2021,6,11.0,1976.0,2024-06-13
32616,秋田県,にかほ（ニカホ）,,2024,6,13,,,25.2,8,12,5,8,2.7,-1.6,7.0,1.0,,,0,29.1,4,2024,5,16,38.2,8,2020,9,3,34.4,8,2004,6,21.0,1976.0,2024-06-13
32626,秋田県,矢島（ヤシマ）,,2024,6,13,,,29.4,8,12,42,8,4.9,-0.8,7.0,3.0,,,0,30.2,4,2024,6,12,37.7,8,2000,7,31,34.1,8,1987,6,7.0,1976.0,2024-06-13
32691,秋田県,湯沢（ユザワ）,,2024,6,13,,,31.4,8,14,21,8,7.0,0.4,88.0,0.0,,,1,31.0,4,2024,6,12,36.8,8,2015,7,13,32.9,8,2009,6,28.0,1976.0,2024-06-13
32771,秋田県,湯の岱（ユノタイ）,,2024,6,13,,,28.8,8,12,5,8,6.4,0.4,88.0,0.0,,,1,28.4,4,2024,6,12,35.3,8,1999,7,27,31.4,8,2018,6,29.0,1976.0,2024-06-13
33006,岩手県,種市（タネイチ）,,2024,6,13,,,26.5,8,12,56,8,7.5,2.7,88.0,0.0,,,0,29.6,4,2024,5,23,35.4,8,2015,8,5,33.1,8,2022,6,26.0,1976.0,2024-06-13
33026,岩手県,軽米（カルマイ）,,2024,6,13,,,31.1,8,12,5,8,8.9,-0.1,88.0,0.0,,,0,31.2,4,2024,6,12,36.2,8,2018,8,23,33.8,8,1987,6,7.0,1976.0,2024-06-13
33071,岩手県,二戸（ニノヘ）,,2024,6,13,,,31.3,8,12,12,8,8.0,-0.3,88.0,0.0,,,0,31.6,4,2024,6,12,35.8,8,1994,8,10,34.5,8,1980,6,7.0,1976.0,2024-06-13
33136,岩手県,山形（ヤマガタ）,,2024,6,13,,,29.9,8,10,28,8,8.3,0.1,88.0,0.0,,,1,29.8,4,2024,6,12,36.4,8,2018,8,23,33.7,8,2020,6,10.0,1977.0,2024-06-13
33146,岩手県,久慈（クジ）,,2024,6,13,,,29.8,8,13,31,8,9.8,3.8,88.0,0.0,,,0,30.3,4,2024,5,23,36.4,8,2023,8,3,33.9,8,2022,6,26.0,1976.0,2024-06-13
33166,岩手県,荒屋（アラヤ）,,2024,6,13,,,31.1,8,14,38,8,8.9,1.2,88.0,0.0,,,1,29.9,4,2024,6,12,35.0,8,2018,8,23,33.4,8,1980,6,7.0,1976.0,2024-06-13
33176,岩手県,奥中山（オクナカヤマ）,,2024,6,13,,,29.1,8,13,40,8,7.9,0.6,88.0,0.0,,,1,28.5,4,2024,6,12,33.5,8,2018,8,23,30.8,8,1987,6,7.0,1977.0,2024-06-13
33186,岩手県,葛巻（クズマキ）,,2024,6,13,,,29.6,8,14,7,8,7.3,0.7,88.0,0.0,,,1,28.9,4,2024,6,12,34.7,8,2007,8,12,33.0,8,1980,6,7.0,1976.0,2024-06-13
33206,岩手県,普代（フダイ）,,2024,6,13,,,26.3,8,10,56,8,5.7,-2.1,7.0,3.0,,,0,31.4,4,2024,5,27,37.7,8,1978,8,3,34.6,8,2022,6,26.0,1976.0,2024-06-13
33226,岩手県,岩手松尾（イワテマツオ）,,2024,6,13,,,31.8,5,13,29,5,8.5,-0.3,88.0,0.0,,,0,32.1,4,2024,6,12,35.7,8,2023,8,5,33.5,8,1980,6,7.0,1976.0,2024-06-13
33296,岩手県,好摩（コウマ）,,2024,6,13,,,31.1,8,14,45,8,7.8,0.4,88.0,0.0,,,1,30.7,4,2024,6,12,36.0,8,1999,7,27,32.8,8,2014,6,2.0,1976.0,2024-06-13
33326,岩手県,岩泉（イワイズミ）,,2024,6,13,,,31.0,8,14,16,8,8.0,2.7,88.0,0.0,,,1,30.8,4,2024,5,19,38.5,8,1994,8,12,36.3,8,1987,6,7.0,1976.0,2024-06-13
33336,岩手県,小本（オモト）,,2024,6,13,,,26.0,8,7,45,8,6.0,2.4,7.0,3.0,,,0,30.0,4,2024,5,19,36.9,8,2023,7,31,34.5,8,2022,6,26.0,1977.0,2024-06-13
33371,岩手県,薮川（ヤブカワ）,,2024,6,13,,,27.8,8,13,47,8,7.7,0.9,88.0,0.0,,,1,26.9,4,2024,6,12,31.8,8,2018,8,23,28.9,8,1987,6,7.0,1976.0,2024-06-13
33421,岩手県,雫石（シズクイシ）,,2024,6,13,,,30.7,8,14,21,8,7.6,0.7,88.0,0.0,,,1,30.0,4,2024,6,12,35.8,4,1978,8,2,32.6,8,1980,6,7.0,1976.0,2024-06-13
33431,岩手県,盛岡（モリオカ）,47584.0,2024,6,13,,,32.5,8,14,35,8,8.7,1.1,88.0,0.0,,,1,31.4,4,2024,6,12,37.2,8,1924,7,12,33.7,8,1987,6,7.0,1923.0,2024-06-13
33441,岩手県,区界（クザカイ）,,2024,6,13,,,26.3,8,13,53,8,6.9,0.7,88.0,0.0,,,1,25.6,4,2024,6,12,31.6,8,2018,8,23,28.0,8,2020,6,10.0,1993.0,2024-06-13
33472,岩手県,宮古（ミヤコ）,47585.0,2024,6,13,,,27.0,8,8,11,8,6.4,3.5,88.0,0.0,,,0,29.9,4,2024,5,23,37.3,8,1933,7,23,35.9,8,1915,6,19.0,1883.0,2024-06-13
33486,岩手県,沢内（サワウチ）,,2024,6,13,,,28.5,8,12,52,8,,0.3,,,,,1,28.2,4,2024,6,12,34.1,8,2018,8,23,29.2,8,2018,6,29.0,2017.0,2024-06-13
33501,岩手県,紫波（シワ）,,2024,6,13,,,31.9,8,14,9,8,8.5,0.8,88.0,0.0,,,1,31.1,4,2024,6,12,36.3,8,2007,8,14,33.5,8,2020,6,10.0,1976.0,2024-06-13
33526,岩手県,川井（カワイ）,,2024,6,13,,,32.4,8,11,54,8,9.1,0.0,88.0,0.0,,,1,32.4,4,2024,6,12,37.5,8,2007,8,13,35.4,8,2020,6,10.0,1977.0,2024-06-13
33576,岩手県,花巻（ハナマキ）,,2024,6,13,,,31.8,8,13,23,8,7.1,0.3,88.0,0.0,,,1,31.5,4,2024,6,12,36.6,8,2015,7,22,34.0,8,2020,6,10.0,2003.0,2024-06-13
33581,岩手県,大迫（オオハサマ）,,2024,6,13,,,31.9,8,14,1,8,7.9,0.7,88.0,0.0,,,1,31.2,4,2024,6,12,36.4,8,2018,8,23,34.2,8,2018,6,29.0,1976.0,2024-06-13
33616,岩手県,山田（ヤマダ）,,2024,6,13,,,27.0,8,9,44,8,5.9,1.4,7.0,3.0,,,0,30.4,4,2024,5,23,37.5,8,2015,7,14,35.2,8,2022,6,26.0,1976.0,2024-06-13
33631,岩手県,湯田（ユダ）,,2024,6,13,,,29.7,8,13,26,8,7.6,0.8,88.0,0.0,,,1,28.9,4,2024,6,12,34.9,8,2018,8,23,31.2,8,1978,6,19.0,1976.0,2024-06-13
33671,岩手県,遠野（トオノ）,,2024,6,13,,,31.0,8,14,2,8,7.8,1.2,88.0,0.0,,,1,29.8,4,2024,6,12,36.5,8,2007,8,14,33.7,8,1987,6,7.0,1976.0,2024-06-13
33716,岩手県,北上（キタカミ）,,2024,6,13,,,32.2,8,14,30,8,8.2,0.2,88.0,0.0,,,1,32.0,4,2024,6,12,37.0,8,2019,8,8,33.8,8,2010,6,26.0,1976.0,2024-06-13
33751,岩手県,釜石（カマイシ）,,2024,6,13,,,29.3,8,16,28,8,7.7,-1.3,88.0,0.0,,,0,31.3,4,2024,5,19,38.8,8,1994,8,14,37.8,8,1987,6,7.0,1976.0,2024-06-13
33776,岩手県,若柳（ワカヤナギ）,,2024,6,13,,,30.2,8,13,30,8,6.6,-1.1,88.0,0.0,,,0,31.3,4,2024,6,12,36.9,8,2015,8,5,33.4,8,2018,6,29.0,1976.0,2024-06-13
33781,岩手県,江刺（エサシ）,,2024,6,13,,,32.1,8,14,32,8,7.9,0.1,88.0,0.0,,,1,32.0,4,2024,6,12,37.3,8,2021,7,19,34.8,8,2020,6,10.0,1976.0,2024-06-13
33801,岩手県,住田（スミタ）,,2024,6,13,,,28.2,8,10,16,8,5.3,-3.6,7.0,3.0,,,0,31.8,4,2024,6,12,36.7,8,2020,8,11,34.5,8,2020,6,10.0,1977.0,2024-06-13
33877,岩手県,大船渡（オオフナト）,47512.0,2024,6,13,,,24.6,8,13,57,8,2.9,-4.3,7.0,1.0,,,0,28.9,4,2024,6,12,37.0,8,2023,7,30,34.5,8,2022,6,26.0,1963.0,2024-06-13
33911,岩手県,一関（イチノセキ）,,2024,6,13,,,30.3,8,12,37,8,6.0,-1.8,88.0,0.0,,,0,32.1,4,2024,6,12,38.2,8,1994,8,9,35.3,8,2022,6,26.0,1976.0,2024-06-13
33921,岩手県,千厩（センマヤ）,,2024,6,13,,,31.2,8,13,6,8,7.9,-1.1,88.0,0.0,,,0,32.3,4,2024,6,12,36.4,8,2019,8,6,34.0,8,2018,6,30.0,1976.0,2024-06-13
34012,宮城県,駒ノ湯（コマノユ）,,2024,6,13,,,26.1,8,14,47,8,6.2,-1.8,88.0,0.0,,,0,27.9,4,2024,6,12,33.3,8,1994,8,14,30.8,8,2020,6,10.0,1976.0,2024-06-13
34026,宮城県,気仙沼（ケセンヌマ）,,2024,6,13,,,25.1,8,11,35,8,3.5,-2.8,7.0,2.0,,,0,28.7,4,2024,4,28,36.7,8,2015,7,14,34.1,8,2022,6,26.0,1976.0,2024-06-13
34096,宮城県,川渡（カワタビ）,,2024,6,13,,,29.2,8,13,13,8,6.6,-3.0,88.0,0.0,,,0,32.2,4,2024,6,12,36.5,8,1994,8,14,34.2,8,2020,6,10.0,1976.0,2024-06-13
34111,宮城県,築館（ツキダテ）,,2024,6,13,,,30.6,8,12,43,8,6.9,-0.9,88.0,0.0,,,0,31.5,4,2024,6,12,37.3,8,1994,8,14,33.7,8,1987,6,6.0,1976.0,2024-06-13
34171,宮城県,米山（ヨネヤマ）,,2024,6,13,,,29.2,8,11,46,8,5.7,-2.4,8.0,1.0,,,0,31.6,4,2024,6,12,37.1,8,2023,7,29,33.9,8,2022,6,26.0,1976.0,2024-06-13
34186,宮城県,志津川（シヅガワ）,,2024,6,13,,,29.5,8,14,15,8,7.7,-0.7,88.0,0.0,,,0,30.2,4,2024,6,12,38.0,8,1994,8,14,34.2,8,2020,6,10.0,1976.0,2024-06-13
34216,宮城県,古川（フルカワ）,,2024,6,13,,,29.3,8,12,35,8,5.9,-2.5,8.0,1.0,,,0,31.8,4,2024,6,12,36.5,8,2021,8,4,34.0,8,2020,6,10.0,1976.0,2024-06-13
34266,宮城県,大衡（オオヒラ）,,2024,6,13,,,26.8,8,14,12,8,3.2,-3.6,7.0,2.0,,,0,30.4,4,2024,6,12,37.1,8,1994,8,14,34.2,8,2022,6,30.0,1976.0,2024-06-13
34276,宮城県,鹿島台（カシマダイ）,,2024,6,13,,,26.8,8,11,6,8,4.3,-2.1,7.0,3.0,,,0,29.4,4,2024,4,28,36.4,8,2023,7,30,34.7,8,2022,6,25.0,1976.0,2024-06-13
34292,宮城県,石巻（イシノマキ）,47592.0,2024,6,13,,,23.6,8,13,38,8,2.0,-2.9,7.0,1.0,,,0,26.5,4,2024,6,12,36.8,8,2007,8,15,34.7,8,2022,6,25.0,1887.0,2024-06-13
34296,宮城県,女川（オナガワ）,,2024,6,13,,,26.7,8,14,43,8,4.5,-2.7,7.0,3.0,,,0,29.4,4,2024,6,12,36.9,8,2023,8,28,34.4,8,2022,6,30.0,2011.0,2024-06-13
34311,宮城県,新川（ニッカワ）,,2024,6,13,,,28.8,8,11,53,8,7.0,-0.5,88.0,0.0,,,0,29.3,4,2024,6,12,35.4,8,2023,7,30,33.3,8,1987,6,7.0,1976.0,2024-06-13
34331,宮城県,塩釜（シオガマ）,,2024,6,13,,,26.9,8,12,39,8,5.0,-1.5,7.0,3.0,,,0,28.4,4,2024,6,12,35.8,8,2022,8,9,34.9,8,2022,6,25.0,1976.0,2024-06-13
34392,宮城県,仙台（センダイ）,47590.0,2024,6,13,,,27.4,8,11,31,8,4.6,-1.6,7.0,3.0,,,0,29.0,4,2024,6,12,37.3,8,2018,8,1,35.1,8,2022,6,25.0,1926.0,2024-06-13
34436,宮城県,名取（ナトリ）,,2024,6,13,,,24.3,8,12,16,8,2.2,-0.4,7.0,1.0,,,0,28.2,4,2024,5,27,37.3,8,2018,7,22,35.6,8,2022,6,29.0,2003.0,2024-06-13
34461,宮城県,白石（シロイシ）,,2024,6,13,,,29.7,8,12,49,8,6.4,-2.2,88.0,0.0,,,0,31.9,4,2024,6,12,36.9,8,2023,7,30,34.6,8,1987,6,7.0,1976.0,2024-06-13
34462,宮城県,蔵王（ザオウ）,,2024,6,13,,,29.0,8,13,25,8,5.1,-2.7,7.0,3.0,,,0,31.7,4,2024,6,12,37.0,8,2015,8,6,35.9,8,2018,6,29.0,2005.0,2024-06-13
34471,宮城県,亘理（ワタリ）,,2024,6,13,,,25.6,8,14,53,8,3.6,-0.8,7.0,2.0,,,0,27.5,4,2024,5,27,36.1,8,1987,7,24,33.9,8,2022,6,29.0,1976.0,2024-06-13
34506,宮城県,丸森（マルモリ）,,2024,6,13,,,29.4,8,15,36,8,6.0,-2.5,8.0,1.0,,,0,31.9,4,2024,6,12,37.6,8,2015,7,14,35.6,8,2018,6,29.0,1977.0,2024-06-13
35002,山形県,飛島（トビシマ）,,2024,6,13,,,26.6,8,14,12,8,4.1,-0.4,7.0,2.0,,,0,27.0,4,2024,6,12,36.0,8,2023,8,23,32.0,8,2013,6,13.0,1978.0,2024-06-13
35052,山形県,酒田（サカタ）,47587.0,2024,6,13,,,28.0,8,10,7,8,4.1,-2.4,7.0,2.0,,,0,30.4,4,2024,6,12,40.1,8,1978,8,3,34.2,8,2013,6,13.0,1937.0,2024-06-13
35071,山形県,差首鍋（サスナベ）,,2024,6,13,,,30.4,8,12,46,8,6.7,-0.2,88.0,0.0,,,0,30.6,4,2024,6,12,36.1,8,1994,8,16,32.2,8,2020,6,10.0,1976.0,2024-06-13
35086,山形県,浜中（ハマナカ）,,2024,6,13,,,26.9,8,9,59,8,3.5,-1.5,7.0,2.0,,,0,29.7,4,2024,4,15,38.9,8,2023,8,23,34.2,8,2013,6,13.0,2003.0,2024-06-13
35116,山形県,金山（カネヤマ）,,2024,6,13,,,30.7,8,14,6,8,6.9,-0.2,88.0,0.0,,,0,30.9,4,2024,6,12,36.8,8,2018,8,23,33.5,8,2020,6,10.0,1976.0,2024-06-13
35141,山形県,鶴岡（ツルオカ）,,2024,6,13,,,30.3,8,11,31,8,5.8,-1.0,7.0,3.0,,,0,31.3,4,2024,6,12,39.9,8,1978,8,3,33.8,8,2013,6,13.0,1976.0,2024-06-13
35146,山形県,狩川（カリカワ）,,2024,6,13,,,28.6,8,10,42,8,4.9,-1.2,7.0,3.0,,,0,29.8,4,2024,6,12,37.6,8,1978,8,3,32.0,8,2013,6,13.0,1976.0,2024-06-13
35162,山形県,新庄（シンジョウ）,47520.0,2024,6,13,,,31.4,8,13,13,8,7.0,-0.2,88.0,0.0,,,0,31.6,4,2024,6,12,37.8,8,2023,8,24,33.8,8,2018,6,29.0,1957.0,2024-06-13
35176,山形県,向町（ムカイマチ）,,2024,6,13,,,31.6,8,14,10,8,8.5,0.4,88.0,0.0,,,1,31.2,4,2024,6,12,36.0,8,2007,8,14,33.3,8,2020,6,10.0,1976.0,2024-06-13
35216,山形県,肘折（ヒジオリ）,,2024,6,13,,,27.9,8,11,18,8,5.5,0.1,8.0,1.0,,,1,27.8,4,2024,6,12,35.3,8,1994,8,13,30.5,8,1987,6,6.0,1976.0,2024-06-13
35231,山形県,尾花沢（オバナザワ）,,2024,6,13,,,30.9,8,13,30,8,7.4,-0.2,88.0,0.0,,,0,31.1,4,2024,6,12,36.2,8,2014,7,26,32.6,8,2018,6,29.0,1976.0,2024-06-13
35246,山形県,鼠ケ関（ネズガセキ）,,2024,6,13,,,27.6,8,11,28,8,4.6,-0.1,7.0,3.0,,,0,27.7,4,2024,6,12,40.4,8,2019,8,15,33.1,8,2004,6,21.0,1976.0,2024-06-13
35332,山形県,村山（ムラヤマ）,,2024,6,13,,,31.6,8,14,4,8,6.2,-0.3,88.0,0.0,,,0,31.9,4,2024,6,12,36.9,8,2015,7,22,34.9,8,2018,6,29.0,2002.0,2024-06-13
35334,山形県,東根（ヒガシネ）,,2024,6,13,,,31.6,8,14,1,8,5.9,-0.3,88.0,0.0,,,0,31.9,4,2024,6,12,37.0,8,2018,6,29,37.0,8,2018,6,29.0,2003.0,2024-06-13
35361,山形県,大井沢（オオイサワ）,,2024,6,13,,,29.8,8,15,9,8,6.9,-0.2,88.0,0.0,,,0,30.0,4,2024,6,12,35.0,8,1994,8,13,32.6,8,2018,6,29.0,1978.0,2024-06-13
35376,山形県,左沢（アテラザワ）,,2024,6,13,,,31.0,8,13,11,8,6.3,-0.5,88.0,0.0,,,0,31.5,4,2024,6,12,36.7,8,1985,8,8,34.8,8,2018,6,29.0,1976.0,2024-06-13
35426,山形県,山形（ヤマガタ）,47588.0,2024,6,13,,,32.7,8,14,13,8,7.0,0.1,88.0,0.0,,,1,32.6,4,2024,6,12,40.8,8,1933,7,25,37.5,8,2018,6,29.0,1889.0,2024-06-13
35456,山形県,長井（ナガイ）,,2024,6,13,,,31.7,8,13,31,8,7.2,-0.7,88.0,0.0,,,0,32.4,4,2024,6,12,36.9,8,1978,8,2,34.3,8,2018,6,29.0,1976.0,2024-06-13
35486,山形県,小国（オグニ）,,2024,6,13,,,29.8,4,14,51,4,5.3,-1.9,7.0,3.0,,,0,31.7,4,2024,6,12,38.0,8,1994,8,16,33.6,8,2018,6,30.0,1976.0,2024-06-13
35511,山形県,高畠（タカハタ）,,2024,6,13,,,31.8,8,14,22,8,6.6,0.2,88.0,0.0,,,1,31.6,4,2024,6,12,38.1,8,2018,8,22,35.4,8,2018,6,30.0,1976.0,2024-06-13
35541,山形県,高峰（タカミネ）,,2024,6,13,,,30.7,8,14,43,8,6.7,-0.5,88.0,0.0,,,0,31.2,4,2024,6,12,37.9,8,2018,8,23,34.6,8,2018,6,29.0,1976.0,2024-06-13
35552,山形県,米沢（ヨネザワ）,,2024,6,13,,,32.4,8,13,59,8,7.3,0.8,88.0,0.0,,,1,31.6,4,2024,6,12,37.7,8,2018,8,23,34.7,8,2020,6,10.0,1976.0,2024-06-13
36056,福島県,茂庭（モニワ）,,2024,6,13,,,31.4,8,13,16,8,7.7,0.1,88.0,0.0,,,1,31.3,4,2024,6,12,36.3,8,1994,8,8,34.0,8,2020,6,10.0,1992.0,2024-06-13
36066,福島県,梁川（ヤナガワ）,,2024,6,13,,,32.5,8,13,7,8,7.1,-2.7,88.0,0.0,,,0,35.2,4,2024,6,12,40.0,8,2023,8,5,36.6,8,2018,6,29.0,1976.0,2024-06-13
36106,福島県,桧原（ヒバラ）,,2024,6,13,,,25.4,8,14,23,8,4.9,-0.5,7.0,3.0,,,0,26.1,4,2024,5,5,32.0,8,1985,8,15,30.1,8,1987,6,7.0,1978.0,2024-06-13
36127,福島県,福島（フクシマ）,47595.0,2024,6,13,,,32.3,8,14,17,8,6.7,-1.5,88.0,0.0,,,0,33.8,4,2024,6,12,39.1,8,2023,8,5,36.7,8,1987,6,7.0,1889.0,2024-06-13
36151,福島県,相馬（ソウマ）,,2024,6,13,,,28.8,8,14,32,8,6.2,-1.9,7.0,3.0,,,0,30.7,4,2024,6,12,37.6,8,2018,8,23,36.3,8,2018,6,29.0,1976.0,2024-06-13
36176,福島県,喜多方（キタカタ）,,2024,6,13,,,32.9,8,15,11,8,7.2,-0.8,88.0,0.0,,,0,33.7,4,2024,6,12,38.0,8,1994,8,16,35.5,8,2020,6,10.0,1976.0,2024-06-13
36196,福島県,鷲倉（ワシクラ）,,2024,6,13,,,21.6,8,10,24,8,4.6,-3.6,7.0,3.0,,,0,25.2,4,2024,6,12,29.4,4,2021,8,6,27.6,8,1987,6,7.0,1976.0,2024-06-13
36221,福島県,飯舘（イイタテ）,,2024,6,13,,,28.6,8,12,34,8,6.1,-1.5,8.0,1.0,,,0,30.1,4,2024,6,12,36.0,8,2014,8,5,33.8,8,1987,6,7.0,1976.0,2024-06-13
36251,福島県,西会津（ニシアイヅ）,,2024,6,13,,,31.3,8,13,38,8,6.5,-0.8,88.0,0.0,,,0,32.1,4,2024,6,12,36.9,8,1994,8,14,34.3,8,2018,6,30.0,1976.0,2024-06-13
36276,福島県,猪苗代（イナワシロ）,,2024,6,13,,,27.4,8,13,7,8,4.8,-1.4,7.0,3.0,,,0,28.9,4,2024,5,5,34.2,8,1994,8,15,31.5,8,1987,6,7.0,1976.0,2024-06-13
36291,福島県,二本松（ニホンマツ）,,2024,6,13,,,30.8,8,13,42,8,5.9,-2.0,88.0,0.0,,,0,32.8,4,2024,6,12,38.0,8,2020,8,11,35.9,8,2022,6,29.0,1976.0,2024-06-13
36342,福島県,金山（カネヤマ）,,2024,6,13,,,29.7,8,15,29,8,5.3,-1.5,7.0,3.0,,,0,31.2,4,2024,6,12,35.5,8,2012,8,2,33.8,8,2018,6,29.0,2007.0,2024-06-13
36361,福島県,若松（ワカマツ）,47570.0,2024,6,13,,,33.1,8,14,6,8,7.3,-0.4,88.0,0.0,,,0,33.5,4,2024,6,12,38.5,8,2018,8,23,36.4,8,2020,6,10.0,1953.0,2024-06-13
36391,福島県,船引（フネヒキ）,,2024,6,13,,,29.1,8,14,17,8,5.7,-1.8,8.0,1.0,,,0,30.9,4,2024,6,12,35.7,8,2020,8,11,33.1,8,2022,6,25.0,1976.0,2024-06-13
36411,福島県,浪江（ナミエ）,,2024,6,13,,,29.5,8,13,17,8,6.6,-2.0,88.0,0.0,,,0,31.5,4,2024,6,12,37.9,8,2010,8,24,35.7,8,2018,6,29.0,1976.0,2024-06-13
36426,福島県,只見（タダミ）,,2024,6,13,,,30.0,8,13,34,8,5.4,-1.5,7.0,3.0,,,0,31.5,4,2024,6,12,36.5,8,2023,8,31,33.6,8,2020,6,10.0,1976.0,2024-06-13
36476,福島県,郡山（コオリヤマ）,,2024,6,13,,,30.1,8,14,15,8,5.6,-1.6,7.0,3.0,,,0,31.7,4,2024,6,12,36.6,8,2023,8,5,34.8,8,1987,6,7.0,1976.0,2024-06-13
36501,福島県,川内（カワウチ）,,2024,6,13,,,29.3,8,12,26,8,6.7,-2.2,88.0,0.0,,,0,31.5,4,2024,6,12,36.5,8,2020,8,11,34.5,8,2022,6,25.0,1976.0,2024-06-13
36536,福島県,南郷（ナンゴウ）,,2024,6,13,,,29.2,8,14,20,8,5.4,-1.6,7.0,3.0,,,0,30.8,4,2024,6,12,36.6,8,1994,8,16,33.1,8,2020,6,10.0,1976.0,2024-06-13
36562,福島県,湯本（ユモト）,,2024,6,13,,,28.1,8,12,51,8,6.5,0.3,88.0,0.0,,,1,28.0,4,2024,4,28,34.4,8,1994,8,8,31.4,8,2022,6,25.0,1988.0,2024-06-13
36581,福島県,玉川（タマカワ）,,2024,6,13,,,28.5,8,14,34,8,4.6,-1.6,7.0,3.0,,,0,30.1,4,2024,6,12,35.5,8,2014,8,6,33.3,8,2020,6,10.0,2003.0,2024-06-13
36591,福島県,小野新町（オノニイマチ）,,2024,6,13,,,29.1,5,13,33,5,5.6,-2.4,7.0,3.0,,,0,31.5,4,2024,6,12,36.0,8,2020,8,11,34.8,8,1987,6,7.0,1976.0,2024-06-13
36611,福島県,広野（ヒロノ）,,2024,6,13,,,24.6,8,12,10,8,2.7,-2.1,7.0,1.0,,,0,29.1,4,2024,5,24,37.3,8,2023,7,16,36.5,8,2022,6,30.0,1976.0,2024-06-13
36641,福島県,田島（タジマ）,,2024,6,13,,,28.2,8,14,36,8,4.7,-0.8,7.0,3.0,,,0,29.2,4,2024,5,5,35.0,8,2018,7,20,33.4,8,1987,6,7.0,1976.0,2024-06-13
36667,福島県,白河（シラカワ）,47597.0,2024,6,13,,,28.2,8,14,42,8,4.5,-2.0,7.0,3.0,,,0,30.2,4,2024,6,12,36.0,8,2012,7,17,34.1,8,2022,6,25.0,1940.0,2024-06-13
36676,福島県,石川（イシカワ）,,2024,6,13,,,31.0,8,14,35,8,6.1,-1.6,8.0,1.0,,,0,32.6,4,2024,6,12,37.7,8,2023,8,5,36.2,8,2022,6,25.0,1976.0,2024-06-13
36716,福島県,桧枝岐（ヒノエマタ）,,2024,6,13,,,24.1,8,13,51,8,2.6,-2.0,7.0,1.0,,,0,27.0,4,2024,5,11,32.5,8,2015,7,14,31.2,8,1979,6,22.0,1978.0,2024-06-13
36821,福島県,東白川（ヒガシシラカワ）,,2024,6,13,,,28.8,8,12,55,8,4.2,-1.3,7.0,3.0,,,0,30.8,4,2024,5,24,37.0,8,2022,7,2,36.4,8,2022,6,25.0,1976.0,2024-06-13
36836,福島県,山田（ヤマダ）,,2024,6,13,,,27.5,8,12,26,8,3.8,-0.1,7.0,1.0,,,0,31.6,4,2024,5,5,36.5,8,2010,9,7,35.9,8,2022,6,30.0,2009.0,2024-06-13
36846,福島県,小名浜（オナハマ）,47598.0,2024,6,13,,,24.4,8,13,25,8,2.2,-0.8,7.0,1.0,,,0,27.6,4,2024,5,21,37.7,8,1994,8,3,33.6,8,1991,6,27.0,1910.0,2024-06-13
40046,茨城県,北茨城（キタイバラキ）,,2024,6,13,,,24.8,8,12,14,8,3.1,-0.9,7.0,1.0,,,0,27.1,4,2024,5,24,35.7,8,1996,8,15,33.4,8,2022,6,30.0,1978.0,2024-06-13
40061,茨城県,大子（ダイゴ）,,2024,6,13,,,29.9,8,12,22,8,4.1,-1.8,7.0,2.0,,,0,32.1,4,2024,5,5,39.0,8,2019,8,9,38.3,8,2022,6,25.0,1978.0,2024-06-13
40091,茨城県,常陸大宮（ヒタチオオミヤ）,,2024,6,13,,,28.3,8,12,34,8,3.6,-1.7,7.0,2.0,,,0,30.0,4,2024,6,12,37.2,8,1997,7,5,36.9,8,2022,6,25.0,1978.0,2024-06-13
40136,茨城県,日立（ヒタチ）,,2024,6,13,,,24.8,8,11,15,8,2.2,-2.0,6.0,3.0,,,0,28.4,4,2024,5,5,37.4,8,1997,7,5,35.4,8,2022,6,30.0,1978.0,2024-06-13
40191,茨城県,笠間（カサマ）,,2024,6,13,,,27.2,8,12,5,8,2.1,-3.9,6.0,3.0,,,0,31.1,4,2024,6,12,38.2,8,2007,8,15,38.0,8,2022,6,29.0,1978.0,2024-06-13
40201,茨城県,水戸（ミト）,47629.0,2024,6,13,,,26.1,8,12,28,8,2.0,-3.2,6.0,3.0,,,0,30.4,4,2024,5,5,38.4,8,1997,7,5,36.2,8,2022,6,25.0,1897.0,2024-06-13
40221,茨城県,古河（コガ）,,2024,6,13,,,27.8,8,13,57,8,1.6,-3.6,6.0,3.0,,,0,31.4,4,2024,6,12,39.6,8,2020,8,11,38.9,8,2022,6,27.0,1978.0,2024-06-13
40231,茨城県,下館（シモダテ）,,2024,6,13,,,27.0,8,13,57,8,1.2,-3.5,6.0,3.0,,,0,30.5,4,2024,6,12,38.5,8,2022,7,1,38.4,8,2022,6,29.0,2001.0,2024-06-13
40281,茨城県,下妻（シモツマ）,,2024,6,13,,,25.4,8,12,19,8,0.4,-4.2,6.0,2.0,,,0,29.6,4,2024,6,12,37.7,8,2007,8,15,36.6,8,2022,6,27.0,1978.0,2024-06-13
40311,茨城県,鉾田（ホコタ）,,2024,6,13,,,24.8,8,12,9,8,1.0,-6.0,6.0,3.0,,,0,30.8,4,2024,6,12,37.8,8,2023,8,4,37.5,8,2022,6,30.0,1978.0,2024-06-13
40336,茨城県,つくば（ツクバ）(館野（タテノ）),47646.0,2024,6,13,,,24.8,8,17,11,8,0.0,-5.6,6.0,2.0,,,0,30.4,4,2024,6,12,37.8,8,1996,8,15,36.7,8,2022,6,27.0,1921.0,2024-06-13
40341,茨城県,土浦（ツチウラ）,,2024,6,13,,,24.9,8,11,44,8,-0.1,-5.7,6.0,2.0,,,0,30.8,4,2024,6,11,38.5,8,2007,8,16,38.0,8,2022,6,27.0,1978.0,2024-06-13
40406,茨城県,鹿嶋（カシマ）,,2024,6,13,,,24.7,8,12,48,8,1.0,-3.7,6.0,3.0,,,0,29.2,4,2024,5,24,37.2,8,2022,8,2,35.6,8,2022,6,29.0,1978.0,2024-06-13
40426,茨城県,龍ケ崎（リュウガサキ）,,2024,6,13,,,24.2,8,17,21,8,-0.8,-5.3,5.0,3.0,,,0,29.5,4,2024,6,12,38.5,8,2007,8,16,35.9,8,2022,6,27.0,1978.0,2024-06-13
41011,栃木県,那須高原（ナスコウゲン）,,2024,6,13,,,25.5,8,14,8,8,5.1,-0.8,7.0,3.0,,,0,26.3,4,2024,6,12,33.2,8,2023,7,16,31.1,8,2022,6,30.0,1977.0,2024-06-13
41076,栃木県,五十里（イカリ）,,2024,6,13,,,28.7,8,12,6,8,7.0,0.4,88.0,0.0,,,0,28.8,4,2024,4,28,35.1,8,2023,7,30,33.3,8,2022,6,25.0,1977.0,2024-06-13
41091,栃木県,黒磯（クロイソ）,,2024,6,13,,,26.9,8,14,22,8,3.4,-1.5,7.0,2.0,,,0,28.4,4,2024,6,12,35.4,8,2023,7,16,34.6,8,2022,6,29.0,1977.0,2024-06-13
41116,栃木県,土呂部（ドロブ）,,2024,6,13,,,25.8,8,10,36,8,5.2,-0.5,7.0,3.0,,,0,26.3,4,2024,6,12,33.3,8,2018,8,5,32.2,8,2022,6,29.0,1977.0,2024-06-13
41141,栃木県,大田原（オオタワラ）,,2024,6,13,,,29.2,8,14,12,8,4.6,-2.1,7.0,3.0,,,0,31.3,4,2024,6,12,37.8,8,2023,7,26,37.8,8,2022,6,25.0,1976.0,2024-06-13
41166,栃木県,奥日光（オクニッコウ）(日光（ニツコウ）),47690.0,2024,6,13,,,20.3,8,11,43,8,2.7,-2.6,6.0,3.0,,,0,22.9,4,2024,6,12,30.8,8,2018,8,5,28.9,8,2022,6,29.0,1944.0,2024-06-13
41172,栃木県,日光東町（ニッコウヒガシマチ）,,2024,6,13,,,25.8,8,12,38,8,,-2.6,,,,,0,28.4,4,2024,6,12,33.7,8,2023,7,16,29.6,8,2023,6,18.0,2022.0,2024-06-13
41181,栃木県,塩谷（シオヤ）,,2024,6,13,,,27.2,8,14,8,8,2.7,-2.2,7.0,1.0,,,0,29.4,4,2024,6,12,36.6,8,2007,8,15,35.0,8,2011,6,24.0,1978.0,2024-06-13
41247,栃木県,那須烏山（ナスカラスヤマ）,,2024,6,13,,,27.4,8,14,4,8,2.1,-2.9,7.0,1.0,,,0,30.3,4,2024,6,12,37.6,8,2013,8,11,36.3,8,2011,6,24.0,2009.0,2024-06-13
41271,栃木県,鹿沼（カヌマ）,,2024,6,13,,,28.0,8,13,58,8,3.2,-2.1,7.0,1.0,,,0,30.1,4,2024,6,12,37.1,8,2020,8,11,37.0,8,2011,6,24.0,1978.0,2024-06-13
41277,栃木県,宇都宮（ウツノミヤ）,47615.0,2024,6,13,,,28.2,8,13,33,8,2.6,-2.9,7.0,1.0,,,0,31.1,4,2024,6,12,38.7,8,1997,7,5,37.6,8,2022,6,25.0,1890.0,2024-06-13
41331,栃木県,真岡（モオカ）,,2024,6,13,,,28.3,8,13,48,8,3.0,-3.0,7.0,1.0,,,0,31.3,4,2024,6,12,38.2,8,2020,8,11,37.6,8,2022,6,29.0,1978.0,2024-06-13
41361,栃木県,佐野（サノ）,,2024,6,13,,,28.9,8,13,15,8,2.7,-3.4,7.0,1.0,,,0,32.5,4,2024,6,11,39.9,8,2022,7,1,39.8,8,2022,6,27.0,1978.0,2024-06-13
41376,栃木県,小山（オヤマ）,,2024,6,13,,,28.0,8,13,47,8,2.1,-3.3,6.0,3.0,,,0,31.3,4,2024,6,12,38.9,8,2020,8,11,38.5,8,2011,6,24.0,1978.0,2024-06-13
42046,群馬県,藤原（フジワラ）,,2024,6,13,,,26.2,8,13,23,8,3.7,-1.3,7.0,2.0,,,0,28.3,4,2024,5,4,35.0,8,1994,8,15,32.6,8,1987,6,7.0,1977.0,2024-06-13
42091,群馬県,みなかみ（ミナカミ）,,2024,6,13,,,30.0,8,12,30,8,7.0,0.2,88.0,0.0,,,1,29.8,4,2024,6,12,36.6,8,2022,7,2,34.8,8,2022,6,29.0,1977.0,2024-06-13
42121,群馬県,草津（クサツ）,,2024,6,13,,,23.3,8,11,35,8,4.1,-0.9,7.0,2.0,,,0,25.4,4,2024,4,28,32.0,8,2022,6,29,32.0,8,2022,6,29.0,1977.0,2024-06-13
42146,群馬県,沼田（ヌマタ）,,2024,6,13,,,30.7,8,14,10,8,5.9,-0.7,7.0,3.0,,,0,31.4,4,2024,6,12,38.1,8,2020,8,11,37.9,8,2022,6,29.0,1977.0,2024-06-13
42186,群馬県,中之条（ナカノジョウ）,,2024,6,13,,,27.7,8,15,48,8,2.8,-1.6,7.0,1.0,,,0,30.3,4,2024,5,24,38.0,8,2020,8,11,37.8,8,2022,6,29.0,1977.0,2024-06-13
42221,群馬県,田代（タシロ）,,2024,6,13,,,24.0,8,12,15,8,4.8,0.1,7.0,2.0,,,0,24.6,4,2024,6,11,31.0,8,2022,6,29,31.0,8,2022,6,29.0,1977.0,2024-06-13
42251,群馬県,前橋（マエバシ）,47624.0,2024,6,13,,,29.7,8,14,0,8,3.3,-2.2,7.0,1.0,,,0,32.7,4,2024,5,24,40.0,8,2001,7,24,39.5,8,2022,6,25.0,1896.0,2024-06-13
42266,群馬県,桐生（キリュウ）,,2024,6,13,,,31.0,8,13,37,8,4.8,-1.8,7.0,3.0,,,0,34.1,4,2024,5,24,40.5,8,2020,8,11,39.8,8,2022,6,25.0,1976.0,2024-06-13
42286,群馬県,上里見（カミサトミ）,,2024,6,13,,,30.4,8,13,32,8,4.3,-1.0,7.0,2.0,,,0,32.7,4,2024,5,24,40.3,8,1998,7,4,39.0,8,2011,6,24.0,1977.0,2024-06-13
42302,群馬県,伊勢崎（イセサキ）,,2024,6,13,,,30.0,8,13,33,8,2.8,-2.0,7.0,1.0,,,0,33.6,4,2024,5,24,40.5,8,2020,8,11,40.2,8,2022,6,25.0,1998.0,2024-06-13
42326,群馬県,西野牧（ニシノマキ）,,2024,6,13,,,29.0,8,13,35,8,4.7,-0.6,7.0,2.0,,,0,31.9,4,2024,5,24,39.2,8,2020,8,11,37.2,8,2022,6,29.0,1977.0,2024-06-13
42366,群馬県,館林（タテバヤシ）,,2024,6,13,,,29.3,8,13,42,8,2.3,-3.0,7.0,1.0,,,0,32.3,4,2024,6,12,40.3,8,2007,8,16,39.4,8,2022,6,25.0,1978.0,2024-06-13
42396,群馬県,神流（カンナ）,,2024,6,13,,,28.7,8,13,13,8,4.6,0.0,7.0,3.0,,,0,30.6,4,2024,5,24,38.7,8,1994,7,5,36.9,8,1987,6,6.0,1977.0,2024-06-13
43051,埼玉県,寄居（ヨリイ）,,2024,6,13,,,28.8,8,13,18,8,2.7,-3.2,7.0,1.0,,,0,32.6,4,2024,5,24,39.9,8,2018,7,23,39.8,8,2022,6,30.0,1977.0,2024-06-13
43056,埼玉県,熊谷（クマガヤ）,47626.0,2024,6,13,,,29.3,8,13,33,8,2.6,-2.8,7.0,1.0,,,0,32.5,4,2024,5,24,41.1,8,2018,7,23,39.8,8,2011,6,24.0,1896.0,2024-06-13
43126,埼玉県,久喜（クキ）,,2024,6,13,,,27.9,8,13,23,8,1.8,-3.2,6.0,3.0,,,0,31.5,4,2024,6,11,39.2,8,2022,7,1,38.7,8,2022,6,30.0,1977.0,2024-06-13
43156,埼玉県,秩父（チチブ）,47641.0,2024,6,13,,,29.0,8,13,18,8,3.4,-2.5,7.0,1.0,,,0,31.5,4,2024,6,12,39.3,8,1994,8,7,38.4,8,2022,6,29.0,1926.0,2024-06-13
43171,埼玉県,鳩山（ハトヤマ）,,2024,6,13,,,29.1,8,13,42,8,2.9,-2.7,7.0,1.0,,,0,32.4,4,2024,5,24,40.2,8,2020,8,11,39.9,8,2022,6,30.0,1977.0,2024-06-13
43241,埼玉県,さいたま（サイタマ）,,2024,6,13,,,26.5,8,17,16,8,0.4,-4.4,6.0,2.0,,,0,31.2,4,2024,5,24,39.3,8,2018,7,23,38.0,8,2022,6,30.0,1977.0,2024-06-13
43256,埼玉県,越谷（コシガヤ）,,2024,6,13,,,26.4,8,11,1,8,0.1,-4.6,6.0,2.0,,,0,31.1,4,2024,5,24,40.4,8,2007,8,16,38.7,8,2022,6,30.0,1977.0,2024-06-13
43266,埼玉県,所沢（トコロザワ）,,2024,6,13,,,25.3,8,16,13,8,0.0,-4.2,6.0,2.0,,,0,30.7,4,2024,5,24,39.8,8,2018,7,23,37.4,8,2022,6,30.0,1977.0,2024-06-13
44046,東京都,小河内（オゴウチ）,,2024,6,13,,,26.6,8,13,28,8,3.6,-1.7,7.0,1.0,,,0,28.8,4,2024,5,5,36.4,8,2002,8,8,35.3,8,2022,6,25.0,1976.0,2024-06-13
44056,東京都,青梅（オウメ）,,2024,6,13,,,27.2,8,13,2,8,2.0,-3.0,6.0,3.0,,,0,30.9,4,2024,5,24,40.8,8,2018,7,23,38.3,8,2022,6,25.0,1976.0,2024-06-13
44071,東京都,練馬（ネリマ）,,2024,6,13,,,25.9,8,16,46,8,-0.7,-4.5,5.0,3.0,,,0,31.0,4,2024,5,24,39.6,8,2018,7,23,37.0,8,2022,6,30.0,2012.0,2024-06-13
44112,東京都,八王子（ハチオウジ）,,2024,6,13,,,25.2,8,17,10,8,-0.4,-4.7,6.0,1.0,,,0,30.4,4,2024,5,24,39.3,8,2020,8,11,38.1,8,2022,6,25.0,1976.0,2024-06-13
44116,東京都,府中（フチュウ）,,2024,6,13,,,25.4,8,17,2,8,-0.4,-3.9,6.0,1.0,,,0,29.9,4,2024,5,24,38.9,8,1996,8,15,36.9,8,2022,6,30.0,1976.0,2024-06-13
44132,東京都,東京（トウキョウ）,47662.0,2024,6,13,,,25.4,8,16,29,8,-0.2,-4.7,6.0,1.0,,,0,30.1,4,2024,6,12,39.5,8,2004,7,20,36.4,8,2022,6,30.0,1875.0,2024-06-13
44136,東京都,江戸川臨海（エドガワリンカイ）,,2024,6,13,,,25.4,8,16,44,8,0.7,-2.7,6.0,3.0,,,0,28.3,4,2024,6,8,38.0,8,2004,7,21,34.3,8,2011,6,29.0,1976.0,2024-06-13
44166,東京都,羽田（ハネダ）,,2024,6,13,,,25.0,8,17,11,8,0.0,-4.2,6.0,2.0,,,0,29.2,4,2024,6,12,38.2,8,2013,8,11,35.5,8,2022,6,30.0,1993.0,2024-06-13
44172,東京都,大島（オオシマ）,47675.0,2024,6,13,,,24.6,8,17,5,8,0.7,-3.7,6.0,3.0,,,0,28.3,4,2024,6,12,35.9,8,2020,8,16,32.3,8,2011,6,29.0,1938.0,2024-06-13
44173,東京都,大島北ノ山（オオシマキタノヤマ）,,2024,6,13,,,23.8,8,16,58,8,-0.2,-3.5,6.0,2.0,,,0,27.3,4,2024,6,12,34.4,8,2020,8,16,31.1,8,2011,6,29.0,2003.0,2024-06-13
44207,東京都,新島（ニイジマ）,,2024,6,13,,,23.5,8,17,9,8,-0.4,-3.9,6.0,1.0,,,0,27.4,4,2024,6,12,34.2,8,2018,7,23,31.0,8,2011,6,30.0,2003.0,2024-06-13
44216,東京都,神津島（コウヅシマ）,,2024,6,13,,,23.0,8,17,1,8,0.0,-2.3,6.0,2.0,,,0,25.7,4,2024,6,11,33.7,8,2018,7,23,28.5,8,2011,6,29.0,2003.0,2024-06-13
44226,東京都,三宅島（ミヤケジマ）,47677.0,2024,6,13,,,22.3,8,18,8,8,-1.6,-4.1,5.0,3.0,,,0,27.1,4,2024,5,28,32.8,8,2020,8,15,31.1,8,2011,6,30.0,1942.0,2024-06-13
44228,東京都,三宅坪田（ミヤケツボタ）,,2024,6,13,,,23.6,8,4,16,8,-1.1,-3.1,5.0,3.0,,,0,26.7,4,2024,6,12,36.4,8,2004,7,21,33.3,8,2022,6,30.0,2001.0,2024-06-13
44262,東京都,八重見ヶ原（ヤエミガハラ）,,2024,6,13,,,22.6,8,12,58,8,-1.9,-1.7,5.0,2.0,,,0,26.5,4,2024,5,31,33.8,8,2022,7,29,30.6,8,2011,6,30.0,2003.0,2024-06-13
44263,東京都,八丈島（ハチジョウジマ）,47678.0,2024,6,13,,,21.7,8,12,59,8,-2.0,-2.5,5.0,2.0,,,0,26.1,4,2024,5,31,34.8,8,1942,8,2,30.4,8,2004,6,30.0,1906.0,2024-06-13
44301,東京都,父島（チチジマ）,47971.0,2024,6,13,,,28.9,8,12,29,8,0.7,0.9,6.0,2.0,,,0,30.4,4,2024,5,27,34.1,8,2006,7,30,33.0,8,2011,6,23.0,1968.0,2024-06-13
45061,千葉県,我孫子（アビコ）,,2024,6,13,,,24.8,8,17,0,8,-0.4,-5.2,5.0,3.0,,,0,30.0,4,2024,6,12,39.2,8,2013,8,11,36.0,8,2022,6,27.0,2010.0,2024-06-13
45081,千葉県,香取（カトリ）,,2024,6,13,,,25.0,8,14,1,8,0.8,-3.1,6.0,2.0,,,0,29.6,4,2024,5,24,37.6,8,2022,8,3,36.5,8,2022,6,27.0,1999.0,2024-06-13
45106,千葉県,船橋（フナバシ）,,2024,6,13,,,25.2,8,16,59,8,-0.2,-4.6,6.0,2.0,,,0,29.8,4,2024,6,12,39.0,8,2013,8,11,37.1,8,2022,6,30.0,1999.0,2024-06-13
45116,千葉県,佐倉（サクラ）,,2024,6,13,,,25.6,8,13,41,8,0.2,-4.3,6.0,2.0,,,0,30.1,4,2024,6,11,39.1,8,1995,8,20,36.6,8,2022,6,27.0,1978.0,2024-06-13
45121,千葉県,成田（ナリタ）,,2024,6,13,,,24.7,8,13,29,8,0.0,-3.8,6.0,2.0,,,0,29.0,4,2024,5,5,38.4,8,2004,7,20,35.8,8,2022,6,29.0,2003.0,2024-06-13
45148,千葉県,銚子（チョウシ）,47648.0,2024,6,13,,,24.0,8,12,15,8,1.3,-2.6,6.0,3.0,,,0,26.6,4,2024,6,12,35.3,8,1962,8,4,32.0,8,2022,6,30.0,1887.0,2024-06-13
45181,千葉県,横芝光（ヨコシバヒカリ）,,2024,6,13,,,25.3,8,11,56,8,0.6,-1.8,6.0,2.0,,,0,27.7,4,2024,3,31,38.1,8,1995,8,28,35.5,8,2005,6,28.0,1978.0,2024-06-13
45212,千葉県,千葉（チバ）,47682.0,2024,6,13,,,25.5,8,13,38,8,0.3,-2.2,6.0,2.0,,,0,27.7,4,2024,6,12,38.5,8,2015,8,7,36.4,8,2022,6,30.0,1966.0,2024-06-13
45261,千葉県,茂原（モバラ）,,2024,6,13,,,24.8,8,13,24,8,-0.5,-4.8,6.0,1.0,,,0,30.2,4,2024,6,11,39.9,8,2013,8,11,36.8,8,2022,6,27.0,1978.0,2024-06-13
45282,千葉県,木更津（キサラヅ）,,2024,6,13,,,24.7,8,13,19,8,-0.6,-4.3,6.0,1.0,,,0,29.0,4,2024,6,12,37.6,8,2015,8,7,34.7,8,2022,6,30.0,2006.0,2024-06-13
45291,千葉県,牛久（ウシク）,,2024,6,13,,,25.1,8,12,40,8,-0.5,-5.6,6.0,1.0,,,0,30.7,4,2024,6,12,40.2,8,2004,7,20,36.8,8,2022,6,27.0,1978.0,2024-06-13
45326,千葉県,坂畑（サカハタ）,,2024,6,13,,,23.3,8,12,27,8,-0.9,-4.9,5.0,3.0,,,0,28.2,4,2024,6,12,37.0,8,2004,7,20,35.4,4,2022,6,30.0,1978.0,2024-06-13
45361,千葉県,鴨川（カモガワ）,,2024,6,13,,,24.1,8,12,0,8,-0.6,-2.5,6.0,1.0,,,0,27.7,4,2024,6,5,37.0,8,2023,8,4,36.3,8,2022,6,27.0,1978.0,2024-06-13
45371,千葉県,勝浦（カツウラ）,47674.0,2024,6,13,,,23.8,8,11,58,8,0.3,-3.3,6.0,2.0,,,0,27.1,4,2024,6,12,34.9,8,1924,8,23,32.9,8,2011,6,29.0,1906.0,2024-06-13
45401,千葉県,館山（タテヤマ）,47672.0,2024,6,13,,,24.2,8,12,7,8,-0.7,-4.0,5.0,3.0,,,0,28.2,4,2024,6,12,36.6,8,1994,8,3,34.2,8,1991,6,27.0,1968.0,2024-06-13
46091,神奈川県,海老名（エビナ）,,2024,6,13,,,25.3,8,16,28,8,-0.5,-3.3,6.0,1.0,,,0,29.2,4,2024,5,18,38.1,8,2016,8,9,37.6,8,2005,6,28.0,1978.0,2024-06-13
46106,神奈川県,横浜（ヨコハマ）,47670.0,2024,6,13,,,25.5,8,16,24,8,0.4,-3.6,6.0,2.0,,,0,29.1,4,2024,6,12,37.4,8,2016,8,9,36.1,8,2022,6,30.0,1896.0,2024-06-13
46141,神奈川県,辻堂（ツジドウ）,,2024,6,13,,,24.7,8,16,10,8,0.1,-2.8,6.0,2.0,,,0,27.8,4,2024,6,7,36.9,8,2020,8,16,32.1,8,2003,6,22.0,1992.0,2024-06-13
46166,神奈川県,小田原（オダワラ）,,2024,6,13,,,25.7,8,15,33,8,0.9,-2.2,6.0,3.0,,,0,29.2,4,2024,5,5,38.0,8,2023,8,4,38.0,8,2022,6,29.0,1978.0,2024-06-13
46211,神奈川県,三浦（ミウラ）,,2024,6,13,,,24.6,8,16,22,8,0.0,-2.8,6.0,2.0,,,0,27.4,4,2024,6,12,36.4,8,2004,7,21,32.8,8,2005,6,28.0,1978.0,2024-06-13
48031,長野県,野沢温泉（ノザワオンセン）,,2024,6,13,,,27.8,8,13,52,8,4.2,-0.9,7.0,2.0,,,0,29.2,4,2024,5,5,36.4,8,1994,8,13,33.0,8,2004,6,20.0,1978.0,2024-06-13
48061,長野県,信濃町（シナノマチ）,,2024,6,13,,,26.7,8,13,44,8,4.4,-1.6,7.0,3.0,,,0,29.9,4,2024,5,5,34.6,8,2018,8,22,32.5,8,2022,6,24.0,1978.0,2024-06-13
48066,長野県,飯山（イイヤマ）,,2024,6,13,,,30.9,8,13,46,8,5.5,-0.7,7.0,3.0,,,0,33.2,4,2024,5,5,37.6,8,1994,8,14,36.1,8,2022,6,24.0,1978.0,2024-06-13
48141,長野県,白馬（ハクバ）,,2024,6,13,,,27.6,8,13,39,8,4.2,-1.2,7.0,2.0,,,0,28.8,4,2024,6,12,36.2,8,1994,8,16,33.1,8,2022,6,29.0,1978.0,2024-06-13
48156,長野県,長野（ナガノ）,47610.0,2024,6,13,,,30.0,8,14,49,8,4.1,-2.2,7.0,2.0,,,0,32.9,4,2024,5,5,38.7,8,1994,8,16,35.9,8,2022,6,25.0,1889.0,2024-06-13
48191,長野県,大町（オオマチ）,,2024,6,13,,,27.4,8,16,31,8,3.9,-2.2,7.0,2.0,,,0,29.6,4,2024,6,12,35.5,8,2018,8,5,34.6,8,2022,6,29.0,1978.0,2024-06-13
48196,長野県,信州新町（シンシュウシンマチ）,,2024,6,13,,,29.2,8,15,43,8,3.6,-3.2,7.0,2.0,,,0,32.4,4,2024,6,12,38.6,8,1994,8,16,35.8,8,2005,6,25.0,1978.0,2024-06-13
48216,長野県,菅平（スガダイラ）,,2024,6,13,,,22.3,8,15,17,8,2.7,-1.5,7.0,1.0,,,0,24.2,4,2024,5,5,30.4,8,1994,8,15,28.9,8,2022,6,29.0,1978.0,2024-06-13
48256,長野県,上田（ウエダ）,,2024,6,13,,,31.9,8,14,16,8,6.0,0.6,7.0,3.0,,,0,32.4,4,2024,5,5,38.8,8,2022,7,2,37.2,8,2022,6,28.0,1976.0,2024-06-13
48296,長野県,穂高（ホタカ）,,2024,6,13,,,29.1,8,15,59,8,3.2,-2.4,7.0,2.0,,,0,31.5,4,2024,6,12,37.8,8,2013,7,12,37.7,8,2022,6,28.0,1978.0,2024-06-13
48321,長野県,東御（トウミ）,,2024,6,13,,,25.1,8,12,30,8,2.5,-2.1,7.0,1.0,,,0,27.2,4,2024,6,12,33.6,8,2018,7,15,33.3,8,2022,6,29.0,1978.0,2024-06-13
48331,長野県,軽井沢（カルイザワ）,47622.0,2024,6,13,,,24.5,8,13,30,8,3.5,0.2,7.0,1.0,,,0,26.5,4,2024,5,24,34.2,8,1946,7,16,32.1,8,2022,6,29.0,1925.0,2024-06-13
48361,長野県,松本（マツモト）,47618.0,2024,6,13,,,29.2,8,13,5,8,3.1,-1.9,7.0,1.0,,,0,31.1,4,2024,6,12,38.5,8,1942,8,2,37.1,8,2022,6,29.0,1898.0,2024-06-13
48363,長野県,松本今井（マツモトイマイ）,,2024,6,13,,,28.5,8,12,45,8,3.2,-2.2,7.0,2.0,,,0,30.7,4,2024,6,12,36.6,8,2020,8,15,35.9,8,2022,6,29.0,2003.0,2024-06-13
48381,長野県,立科（タテシナ）,,2024,6,13,,,28.6,8,14,8,8,4.5,-0.6,7.0,2.0,,,0,29.3,4,2024,6,11,36.0,8,2022,7,2,34.6,8,2022,6,29.0,1978.0,2024-06-13
48386,長野県,佐久（サク）,,2024,6,13,,,29.7,8,14,31,8,5.1,0.0,7.0,3.0,,,0,30.6,4,2024,6,11,37.1,8,2022,6,29,37.1,8,2022,6,29.0,1978.0,2024-06-13
48466,長野県,奈川（ナガワ）,,2024,6,13,,,26.1,8,12,37,8,3.5,-2.2,7.0,2.0,,,0,28.3,4,2024,6,12,34.4,8,2020,8,20,32.7,8,2022,6,30.0,1978.0,2024-06-13
48491,長野県,諏訪（スワ）,47620.0,2024,6,13,,,28.0,8,13,37,8,3.8,-1.3,7.0,2.0,,,0,29.3,4,2024,6,12,35.5,8,1995,8,20,34.5,8,2022,6,29.0,1945.0,2024-06-13
48531,長野県,開田高原（カイダコウゲン）,,2024,6,13,,,24.2,8,10,55,8,2.7,-3.4,7.0,1.0,,,0,27.6,4,2024,6,12,32.2,8,2018,7,15,31.2,8,1987,6,6.0,1978.0,2024-06-13
48536,長野県,木祖薮原（キソヤブハラ）,,2024,6,13,,,26.2,8,13,16,8,,-3.2,,,,,0,29.4,4,2024,6,12,36.2,8,2020,8,20,33.6,8,2022,6,30.0,2019.0,2024-06-13
48546,長野県,辰野（タツノ）,,2024,6,13,,,28.3,8,13,47,8,3.7,-3.0,7.0,2.0,,,0,31.3,4,2024,6,12,36.4,8,2021,8,6,35.7,8,2022,6,29.0,1978.0,2024-06-13
48561,長野県,原村（ハラムラ）,,2024,6,13,,,26.8,8,13,57,8,4.1,-0.5,7.0,2.0,,,0,27.8,4,2024,5,24,33.9,8,2020,8,20,33.4,8,2022,6,29.0,1978.0,2024-06-13
48571,長野県,野辺山（ノベヤマ）,,2024,6,13,,,23.0,8,14,36,8,3.5,-1.5,7.0,1.0,,,0,24.5,4,2024,6,12,31.0,8,2003,8,23,30.8,8,2022,6,29.0,1978.0,2024-06-13
48606,長野県,木曽福島（キソフクシマ）,,2024,6,13,,,30.5,8,11,55,8,5.8,0.2,88.0,0.0,,,1,30.3,4,2024,6,12,36.1,8,2023,8,12,35.6,8,2022,6,30.0,1976.0,2024-06-13
48621,長野県,伊那（イナ）,,2024,6,13,,,29.9,8,14,0,8,4.8,-1.5,7.0,3.0,,,0,31.4,4,2024,6,12,37.2,8,2018,8,1,36.7,8,2022,6,30.0,1993.0,2024-06-13
48717,長野県,南木曽（ナギソ）,,2024,6,13,,,26.9,8,13,12,8,2.1,-2.0,7.0,1.0,,,0,29.2,4,2024,5,24,35.7,8,2018,8,6,34.5,8,2022,6,30.0,1978.0,2024-06-13
48731,長野県,飯島（イイジマ）,,2024,6,13,,,27.8,8,13,54,8,3.6,-0.6,7.0,2.0,,,0,28.5,4,2024,5,24,35.5,8,2023,8,12,34.4,8,2022,6,30.0,1978.0,2024-06-13
48767,長野県,飯田（イイダ）,47637.0,2024,6,13,,,28.5,8,13,46,8,2.2,-2.0,7.0,1.0,,,0,30.5,4,2024,6,12,37.7,8,2018,8,6,36.4,8,2022,6,30.0,1897.0,2024-06-13
48826,長野県,浪合（ナミアイ）,,2024,6,13,,,26.5,8,14,44,8,4.0,-0.2,7.0,2.0,,,0,27.7,4,2024,5,24,33.5,8,2007,8,17,32.1,8,2022,6,30.0,1978.0,2024-06-13
48841,長野県,南信濃（ミナミシナノ）,,2024,6,13,,,30.5,8,15,13,8,4.0,0.1,7.0,2.0,,,0,31.5,4,2024,5,24,39.5,8,2020,8,17,37.9,8,2022,6,30.0,1978.0,2024-06-13
49036,山梨県,大泉（オオイズミ）,,2024,6,13,,,26.9,8,14,38,8,3.7,-2.5,7.0,2.0,,,0,29.4,4,2024,6,12,36.5,8,2013,8,11,35.4,8,2022,6,30.0,1977.0,2024-06-13
49086,山梨県,韮崎（ニラサキ）,,2024,6,13,,,29.2,8,15,12,8,3.0,-1.7,7.0,1.0,,,0,30.9,4,2024,6,12,38.4,8,1994,8,2,37.9,8,2022,6,30.0,1977.0,2024-06-13
49142,山梨県,甲府（コウフ）,47638.0,2024,6,13,,,30.0,8,15,37,8,2.5,-2.2,7.0,1.0,,,0,32.2,4,2024,6,12,40.7,8,2013,8,10,38.3,8,2022,6,30.0,1894.0,2024-06-13
49151,山梨県,勝沼（カツヌマ）,,2024,6,13,,,29.8,8,15,51,8,2.6,-4.3,7.0,1.0,,,0,34.1,4,2024,6,12,40.5,8,2013,8,10,39.2,8,2022,6,30.0,1977.0,2024-06-13
49161,山梨県,大月（オオツキ）,,2024,6,13,,,26.7,8,12,53,8,1.2,-3.6,6.0,3.0,,,0,30.8,4,2024,5,5,39.9,8,1990,7,19,39.1,8,2022,6,29.0,1977.0,2024-06-13
49196,山梨県,古関（フルセキ）,,2024,6,13,,,27.4,8,15,30,8,2.4,-2.6,7.0,1.0,,,0,30.0,4,2024,6,12,38.6,8,2013,8,10,36.6,8,2022,6,30.0,1978.0,2024-06-13
49236,山梨県,切石（キリイシ）,,2024,6,13,,,27.2,8,15,36,8,0.9,-3.0,6.0,3.0,,,0,30.2,4,2024,6,12,39.2,8,2016,8,9,36.6,8,2011,6,24.0,1977.0,2024-06-13
49251,山梨県,河口湖（カワグチコ）,47640.0,2024,6,13,,,23.7,8,16,14,8,1.2,-4.2,6.0,3.0,,,0,27.9,4,2024,6,12,35.3,8,2013,7,12,34.0,8,2022,6,29.0,1933.0,2024-06-13
49256,山梨県,山中（ヤマナカ）,,2024,6,13,,,24.0,8,16,4,8,3.0,-1.3,7.0,1.0,,,0,25.9,4,2024,5,24,33.6,8,2022,8,3,33.2,8,2022,0,,,2024-06-13
