year,pref,over30,over30_capitol,over35,over35_capitol,over40,over40_capitol,over30_ytd,over30_capitol_ytd,over35_ytd,over35_capitol_ytd,over40_ytd,over40_capitol_ytd
2000,北海道,33,10,3,2,0,0,18,6,3,2,0,0
2000,青森県,49,17,3,0,0,0,27,9,3,0,0,0
2000,秋田県,54,40,4,4,0,0,27,17,3,3,0,0
2000,岩手県,57,34,5,1,0,0,36,21,4,1,0,0
2000,宮城県,46,30,2,0,0,0,31,17,1,0,0,0
2000,山形県,68,64,7,6,0,0,41,38,5,5,0,0
2000,福島県,76,64,13,8,0,0,45,41,9,7,0,0
2000,茨城県,75,49,10,2,0,0,45,32,7,1,0,0
2000,栃木県,66,63,4,2,0,0,39,38,3,1,0,0
2000,群馬県,72,67,15,11,0,0,45,42,11,9,0,0
2000,埼玉県,80,61,16,3,0,0,50,37,12,2,0,0
2000,東京都,181,67,8,1,0,0,90,37,6,0,0,0
2000,千葉県,79,60,5,0,0,0,42,31,3,0,0,0
2000,神奈川県,62,54,3,1,0,0,35,30,1,0,0,0
2000,長野県,75,67,6,5,0,0,43,36,4,3,0,0
2000,山梨県,83,83,12,10,0,0,51,51,8,7,0,0
2000,静岡県,87,53,12,3,0,0,49,26,7,2,0,0
2000,愛知県,86,79,29,25,0,0,49,43,13,10,0,0
2000,岐阜県,92,83,36,31,0,0,52,46,19,16,0,0
2000,三重県,87,63,29,6,0,0,50,34,15,4,0,0
2000,新潟県,74,55,16,7,0,0,40,26,7,3,0,0
2000,富山県,64,63,14,13,0,0,33,33,8,7,0,0
2000,石川県,65,55,13,7,0,0,35,27,6,5,0,0
2000,福井県,81,70,11,10,0,0,43,38,3,3,0,0
2000,滋賀県,79,72,12,4,0,0,42,37,4,3,0,0
2000,京都府,92,88,33,27,0,0,54,51,16,14,0,0
2000,大阪府,89,85,31,26,0,0,50,46,15,10,0,0
2000,兵庫県,93,79,36,8,0,0,54,41,17,5,0,0
2000,奈良県,83,78,22,19,0,0,48,43,11,9,0,0
2000,和歌山県,87,78,11,8,0,0,48,40,7,5,0,0
2000,岡山県,90,82,29,23,0,0,53,47,15,13,0,0
2000,広島県,92,72,17,6,0,0,54,38,7,1,0,0
2000,島根県,80,67,15,9,0,0,47,36,8,2,0,0
2000,鳥取県,80,76,21,14,0,0,46,43,10,5,0,0
2000,徳島県,89,72,16,5,0,0,51,36,8,4,0,0
2000,香川県,90,85,30,15,0,0,51,49,12,8,0,0
2000,愛媛県,88,75,16,7,0,0,50,41,6,2,0,0
2000,高知県,87,74,7,4,0,0,49,38,5,2,0,0
2000,山口県,83,75,9,4,0,0,49,43,3,3,0,0
2000,福岡県,84,68,13,5,0,0,50,37,10,4,0,0
2000,大分県,89,70,22,5,0,0,54,37,15,4,0,0
2000,長崎県,78,59,8,5,0,0,42,30,4,3,0,0
2000,佐賀県,79,78,15,13,0,0,44,44,11,10,0,0
2000,熊本県,91,81,19,15,0,0,54,48,14,12,0,0
2000,宮崎県,94,62,11,4,0,0,54,34,7,3,0,0
2000,鹿児島県,117,81,9,7,0,0,64,42,5,3,0,0
2000,沖縄県,147,77,0,0,0,0,76,45,0,0,0,0
2001,北海道,21,0,0,0,0,0,11,0,0,0,0,0
2001,青森県,23,5,0,0,0,0,14,4,0,0,0,0
2001,秋田県,36,17,0,0,0,0,22,4,0,0,0,0
2001,岩手県,37,15,2,0,0,0,26,9,2,0,0,0
2001,宮城県,19,15,2,2,0,0,17,14,2,2,0,0
2001,山形県,50,37,2,2,0,0,32,27,2,2,0,0
2001,福島県,59,42,8,7,0,0,42,32,8,7,0,0
2001,茨城県,53,29,16,9,0,0,38,25,16,9,0,0
2001,栃木県,47,45,14,13,0,0,35,34,14,13,0,0
2001,群馬県,57,52,16,15,1,1,40,38,16,15,1,1
2001,埼玉県,59,47,18,13,0,0,40,35,18,13,0,0
2001,東京都,136,52,16,8,0,0,73,36,16,8,0,0
2001,千葉県,56,46,15,3,0,0,38,34,13,3,0,0
2001,神奈川県,55,47,6,4,0,0,35,34,6,4,0,0
2001,長野県,72,50,21,2,0,0,48,36,19,2,0,0
2001,山梨県,74,74,24,22,0,0,46,46,21,19,0,0
2001,静岡県,81,54,18,5,1,0,49,31,18,5,1,0
2001,愛知県,77,70,16,14,0,0,47,44,15,14,0,0
2001,岐阜県,85,76,19,17,0,0,52,45,16,16,0,0
2001,三重県,78,56,21,9,0,0,49,34,20,9,0,0
2001,新潟県,63,50,10,3,0,0,42,32,7,3,0,0
2001,富山県,56,48,13,12,0,0,40,33,13,12,0,0
2001,石川県,52,47,5,2,0,0,36,34,5,2,0,0
2001,福井県,58,57,8,6,0,0,41,40,7,5,0,0
2001,滋賀県,63,54,8,3,0,0,44,38,7,3,0,0
2001,京都府,79,76,27,24,0,0,51,50,20,18,0,0
2001,大阪府,78,77,29,21,0,0,48,48,22,15,0,0
2001,兵庫県,83,63,28,11,0,0,53,40,19,8,0,0
2001,奈良県,77,71,25,17,0,0,52,47,23,15,0,0
2001,和歌山県,73,69,17,6,0,0,45,44,15,6,0,0
2001,岡山県,82,69,25,23,0,0,55,47,21,20,0,0
2001,広島県,81,69,20,11,0,0,50,41,14,8,0,0
2001,島根県,63,49,16,12,0,0,43,34,13,9,0,0
2001,鳥取県,60,56,16,13,0,0,44,42,12,9,0,0
2001,徳島県,74,64,8,6,0,0,45,42,6,5,0,0
2001,香川県,72,68,21,13,0,0,47,45,14,12,0,0
2001,愛媛県,78,64,25,9,0,0,49,41,19,5,0,0
2001,高知県,82,71,14,6,0,0,48,41,11,5,0,0
2001,山口県,74,69,20,13,0,0,44,40,15,10,0,0
2001,福岡県,81,56,25,8,0,0,51,38,20,4,0,0
2001,大分県,86,58,28,5,0,0,56,39,23,5,0,0
2001,長崎県,75,60,11,4,0,0,44,32,6,2,0,0
2001,佐賀県,77,74,21,21,0,0,45,45,18,18,0,0
2001,熊本県,97,82,29,27,0,0,53,43,22,20,0,0
2001,宮崎県,86,65,20,7,0,0,54,47,18,5,0,0
2001,鹿児島県,113,79,30,9,0,0,65,47,25,7,0,0
2001,沖縄県,143,102,1,1,0,0,81,61,1,1,0,0
2002,北海道,16,2,0,0,0,0,12,2,0,0,0,0
2002,青森県,27,6,0,0,0,0,22,4,0,0,0,0
2002,秋田県,42,16,1,1,0,0,26,8,1,1,0,0
2002,岩手県,35,20,4,0,0,0,25,12,4,0,0,0
2002,宮城県,30,24,4,2,0,0,20,18,4,2,0,0
2002,山形県,45,40,9,7,0,0,30,29,6,5,0,0
2002,福島県,59,46,14,13,0,0,37,31,9,9,0,0
2002,茨城県,63,45,16,6,0,0,41,27,12,4,0,0
2002,栃木県,61,55,10,10,0,0,38,32,8,8,0,0
2002,群馬県,69,61,21,14,0,0,44,39,14,12,0,0
2002,埼玉県,71,52,26,9,0,0,45,33,15,7,0,0
2002,東京都,165,59,16,6,0,0,82,37,12,4,0,0
2002,千葉県,67,53,6,1,0,0,41,33,6,1,0,0
2002,神奈川県,60,54,5,1,0,0,37,33,5,1,0,0
2002,長野県,74,56,22,9,0,0,46,34,14,3,0,0
2002,山梨県,76,73,19,18,0,0,48,46,14,13,0,0
2002,静岡県,83,59,22,6,0,0,48,33,14,4,0,0
2002,愛知県,80,76,24,21,0,0,47,44,15,12,0,0
2002,岐阜県,86,80,31,24,0,0,52,47,18,14,0,0
2002,三重県,79,60,12,4,0,0,50,36,9,4,0,0
2002,新潟県,63,39,12,9,0,0,38,25,7,5,0,0
2002,富山県,54,50,12,11,0,0,36,33,7,7,0,0
2002,石川県,61,51,10,5,0,0,39,32,5,3,0,0
2002,福井県,64,57,14,10,0,0,42,37,10,6,0,0
2002,滋賀県,70,60,11,4,0,0,42,37,8,4,0,0
2002,京都府,86,84,27,23,0,0,53,52,15,14,0,0
2002,大阪府,89,86,28,22,0,0,53,52,15,13,0,0
2002,兵庫県,94,63,30,8,0,0,56,36,21,6,0,0
2002,奈良県,83,74,28,15,0,0,53,47,18,9,0,0
2002,和歌山県,82,67,12,5,0,0,49,39,10,4,0,0
2002,岡山県,86,80,23,19,0,0,53,51,17,15,0,0
2002,広島県,86,77,17,10,0,0,50,41,10,5,0,0
2002,島根県,70,59,12,8,0,0,47,39,8,5,0,0
2002,鳥取県,69,66,14,10,0,0,44,42,9,7,0,0
2002,徳島県,80,66,6,4,0,0,46,37,4,4,0,0
2002,香川県,89,82,22,9,0,0,53,50,11,7,0,0
2002,愛媛県,90,72,15,5,0,0,51,38,11,3,0,0
2002,高知県,93,70,8,1,0,0,54,37,6,1,0,0
2002,山口県,86,72,11,5,0,0,52,44,9,4,0,0
2002,福岡県,86,56,19,2,0,0,50,37,16,2,0,0
2002,大分県,100,70,23,8,0,0,60,39,18,7,0,0
2002,長崎県,81,57,3,1,0,0,45,34,1,0,0,0
2002,佐賀県,77,73,12,11,0,0,48,46,8,8,0,0
2002,熊本県,99,92,16,14,0,0,56,52,10,8,0,0
2002,宮崎県,96,64,7,3,0,0,54,36,5,2,0,0
2002,鹿児島県,113,81,7,5,0,0,63,41,2,1,0,0
2002,沖縄県,163,89,0,0,0,0,101,44,0,0,0,0
2003,北海道,17,0,0,0,0,0,13,0,0,0,0,0
2003,青森県,13,2,0,0,0,0,8,1,0,0,0,0
2003,秋田県,16,7,1,0,0,0,12,5,0,0,0,0
2003,岩手県,25,4,0,0,0,0,15,3,0,0,0,0
2003,宮城県,18,9,0,0,0,0,8,3,0,0,0,0
2003,山形県,30,23,0,0,0,0,15,12,0,0,0,0
2003,福島県,50,29,3,1,0,0,25,14,2,0,0,0
2003,茨城県,44,27,5,0,0,0,20,9,2,0,0,0
2003,栃木県,40,36,1,0,0,0,17,16,1,0,0,0
2003,群馬県,49,41,11,5,0,0,24,18,4,2,0,0
2003,埼玉県,46,40,9,2,0,0,21,17,3,0,0,0
2003,東京都,149,38,9,0,0,0,69,14,1,0,0,0
2003,千葉県,45,35,7,0,0,0,20,13,2,0,0,0
2003,神奈川県,43,35,1,0,0,0,16,11,0,0,0,0
2003,長野県,63,30,7,1,0,0,31,14,2,0,0,0
2003,山梨県,60,55,8,8,0,0,27,24,3,3,0,0
2003,静岡県,67,42,6,1,0,0,32,15,1,0,0,0
2003,愛知県,62,51,10,2,0,0,26,18,2,1,0,0
2003,岐阜県,68,55,16,10,0,0,31,21,2,2,0,0
2003,三重県,64,38,10,3,0,0,29,12,2,0,0,0
2003,新潟県,46,19,2,1,0,0,24,10,1,0,0,0
2003,富山県,35,29,5,4,0,0,15,12,3,2,0,0
2003,石川県,41,31,2,1,0,0,19,14,1,0,0,0
2003,福井県,45,36,7,1,0,0,19,14,5,1,0,0
2003,滋賀県,50,36,2,0,0,0,16,10,2,0,0,0
2003,京都府,68,61,12,11,0,0,32,26,4,4,0,0
2003,大阪府,72,66,11,7,0,0,34,30,1,1,0,0
2003,兵庫県,83,48,16,0,0,0,44,16,5,0,0,0
2003,奈良県,67,50,9,0,0,0,30,19,1,0,0,0
2003,和歌山県,68,57,2,1,0,0,30,22,0,0,0,0
2003,岡山県,69,55,6,3,0,0,35,25,2,0,0,0
2003,広島県,66,47,3,0,0,0,30,16,1,0,0,0
2003,島根県,55,32,3,1,0,0,23,12,1,1,0,0
2003,鳥取県,48,39,7,5,0,0,21,16,4,3,0,0
2003,徳島県,60,49,5,1,0,0,24,18,1,0,0,0
2003,香川県,67,54,4,4,0,0,35,25,0,0,0,0
2003,愛媛県,79,54,20,0,0,0,41,23,5,0,0,0
2003,高知県,79,63,10,0,0,0,38,25,0,0,0,0
2003,山口県,58,40,3,2,0,0,26,16,0,0,0,0
2003,福岡県,77,49,13,2,0,0,39,21,3,1,0,0
2003,大分県,82,47,20,1,0,0,46,19,6,1,0,0
2003,長崎県,71,47,4,0,0,0,34,20,1,0,0,0
2003,佐賀県,66,61,7,7,0,0,31,28,2,2,0,0
2003,熊本県,90,72,17,14,0,0,44,31,4,2,0,0
2003,宮崎県,88,65,15,6,0,0,46,35,7,3,0,0
2003,鹿児島県,117,75,29,3,0,0,68,35,16,2,0,0
2003,沖縄県,140,100,11,1,0,0,76,55,9,1,0,0
2004,北海道,31,14,4,0,0,0,27,14,4,0,0,0
2004,青森県,36,16,6,0,0,0,28,14,6,0,0,0
2004,秋田県,37,19,8,4,0,0,26,17,7,4,0,0
2004,岩手県,51,23,7,0,0,0,38,22,7,0,0,0
2004,宮城県,42,29,3,0,0,0,30,22,3,0,0,0
2004,山形県,55,49,12,9,0,0,40,36,11,9,0,0
2004,福島県,72,63,10,7,0,0,48,44,8,6,0,0
2004,茨城県,80,55,20,3,0,0,54,37,13,1,0,0
2004,栃木県,70,62,12,7,0,0,50,45,8,3,0,0
2004,群馬県,78,69,25,20,0,0,56,48,19,16,0,0
2004,埼玉県,86,66,32,12,0,0,58,47,23,8,0,0
2004,東京都,149,70,22,6,0,0,78,46,16,4,0,0
2004,千葉県,86,68,18,3,1,0,51,42,14,2,1,0
2004,神奈川県,72,64,4,3,0,0,45,41,3,2,0,0
2004,長野県,95,55,22,5,0,0,59,40,20,4,0,0
2004,山梨県,95,86,18,17,1,1,60,55,14,14,1,1
2004,静岡県,105,65,20,6,0,0,62,38,15,4,0,0
2004,愛知県,96,85,22,16,0,0,54,49,18,13,0,0
2004,岐阜県,104,91,27,14,0,0,62,54,22,11,0,0
2004,三重県,92,59,19,11,0,0,53,39,15,9,0,0
2004,新潟県,69,37,18,8,0,0,46,24,14,8,0,0
2004,富山県,67,57,16,12,0,0,45,39,10,7,0,0
2004,石川県,66,59,9,8,0,0,42,36,5,4,0,0
2004,福井県,82,70,12,7,0,0,48,43,11,6,0,0
2004,滋賀県,82,64,6,3,0,0,50,40,5,2,0,0
2004,京都府,102,94,25,19,0,0,61,57,23,17,0,0
2004,大阪府,103,94,26,20,0,0,59,51,20,15,0,0
2004,兵庫県,107,76,27,3,0,0,63,41,23,3,0,0
2004,奈良県,91,76,18,9,0,0,55,44,18,9,0,0
2004,和歌山県,96,77,11,3,0,0,54,42,11,3,0,0
2004,岡山県,93,81,25,16,0,0,55,47,21,14,0,0
2004,広島県,97,75,19,5,0,0,56,45,15,4,0,0
2004,島根県,88,55,16,5,0,0,54,38,12,4,0,0
2004,鳥取県,80,71,12,9,0,0,51,47,9,7,0,0
2004,徳島県,87,67,12,4,0,0,49,40,10,4,0,0
2004,香川県,86,77,18,12,0,0,50,46,15,10,0,0
2004,愛媛県,103,75,23,3,0,0,59,39,20,3,0,0
2004,高知県,100,77,19,5,0,0,52,40,15,5,0,0
2004,山口県,90,73,11,7,0,0,53,44,10,7,0,0
2004,福岡県,101,74,21,6,0,0,62,45,12,2,0,0
2004,大分県,106,67,26,5,0,0,66,42,20,5,0,0
2004,長崎県,89,80,13,6,0,0,49,44,8,2,0,0
2004,佐賀県,93,89,15,13,0,0,57,54,9,9,0,0
2004,熊本県,113,105,31,21,0,0,68,63,19,12,0,0
2004,宮崎県,101,70,23,12,0,0,60,45,20,12,0,0
2004,鹿児島県,122,90,26,5,0,0,70,49,16,5,0,0
2004,沖縄県,136,102,0,0,0,0,84,62,0,0,0,0
2005,北海道,32,9,1,0,0,0,19,5,1,0,0,0
2005,青森県,36,12,1,0,0,0,18,8,1,0,0,0
2005,秋田県,46,19,2,0,0,0,26,9,2,0,0,0
2005,岩手県,46,19,3,1,0,0,25,12,3,1,0,0
2005,宮城県,38,20,2,0,0,0,24,12,2,0,0,0
2005,山形県,55,46,5,4,0,0,30,27,4,3,0,0
2005,福島県,62,47,6,6,0,0,35,27,6,6,0,0
2005,茨城県,69,45,13,1,0,0,38,25,9,1,0,0
2005,栃木県,61,57,5,4,0,0,32,30,5,4,0,0
2005,群馬県,74,67,15,7,0,0,41,38,9,7,0,0
2005,埼玉県,74,62,16,5,0,0,42,33,10,4,0,0
2005,東京都,176,57,9,4,0,0,92,28,7,4,0,0
2005,千葉県,64,48,10,2,0,0,31,23,7,2,0,0
2005,神奈川県,62,54,2,2,0,0,31,26,2,2,0,0
2005,長野県,91,49,15,1,0,0,54,30,14,1,0,0
2005,山梨県,85,80,11,9,0,0,50,46,9,7,0,0
2005,静岡県,89,48,19,3,0,0,47,25,13,2,0,0
2005,愛知県,88,77,21,18,0,0,45,38,14,11,0,0
2005,岐阜県,97,87,22,13,0,0,52,47,15,9,0,0
2005,三重県,91,58,20,2,0,0,51,32,11,1,0,0
2005,新潟県,68,42,8,1,0,0,37,20,6,1,0,0
2005,富山県,60,53,7,5,0,0,31,28,4,4,0,0
2005,石川県,57,52,7,2,0,0,27,25,5,1,0,0
2005,福井県,64,55,6,2,0,0,32,26,4,2,0,0
2005,滋賀県,66,57,4,0,0,0,36,30,4,0,0,0
2005,京都府,95,81,22,17,0,0,54,47,15,12,0,0
2005,大阪府,102,88,23,8,0,0,57,50,13,7,0,0
2005,兵庫県,108,64,26,0,0,0,64,36,20,0,0,0
2005,奈良県,90,69,19,5,0,0,54,39,14,4,0,0
2005,和歌山県,90,71,12,1,0,0,47,37,7,1,0,0
2005,岡山県,98,78,21,11,0,0,61,47,16,10,0,0
2005,広島県,98,77,12,2,0,0,59,39,9,2,0,0
2005,島根県,84,62,7,2,0,0,51,36,6,1,0,0
2005,鳥取県,85,70,14,10,0,0,50,38,9,6,0,0
2005,徳島県,91,69,12,1,0,0,52,39,8,0,0,0
2005,香川県,88,78,11,11,0,0,52,47,6,6,0,0
2005,愛媛県,98,69,19,0,0,0,53,36,11,0,0,0
2005,高知県,105,76,27,5,0,0,55,39,17,1,0,0
2005,山口県,89,73,15,3,0,0,51,43,10,1,0,0
2005,福岡県,114,73,18,3,0,0,67,42,11,3,0,0
2005,大分県,118,72,32,7,0,0,72,41,20,3,0,0
2005,長崎県,94,66,7,3,0,0,48,28,6,3,0,0
2005,佐賀県,98,89,16,16,0,0,52,48,11,11,0,0
2005,熊本県,112,106,21,19,0,0,59,54,12,10,0,0
2005,宮崎県,103,67,22,4,0,0,54,36,14,2,0,0
2005,鹿児島県,130,91,16,7,0,0,65,43,11,3,0,0
2005,沖縄県,165,109,0,0,0,0,87,46,0,0,0,0
2006,北海道,34,14,0,0,0,0,18,8,0,0,0,0
2006,青森県,31,14,3,0,0,0,12,8,1,0,0,0
2006,秋田県,39,23,6,2,0,0,14,6,2,0,0,0
2006,岩手県,44,19,4,1,0,0,19,7,1,1,0,0
2006,宮城県,28,13,0,0,0,0,13,8,0,0,0,0
2006,山形県,39,36,4,0,0,0,17,17,0,0,0,0
2006,福島県,48,37,5,2,0,0,21,16,3,2,0,0
2006,茨城県,50,23,9,1,0,0,25,9,5,1,0,0
2006,栃木県,41,36,5,3,0,0,18,14,4,2,0,0
2006,群馬県,57,47,11,5,0,0,32,24,6,4,0,0
2006,埼玉県,56,43,11,5,0,0,31,22,7,5,0,0
2006,東京都,140,38,10,3,0,0,76,17,7,3,0,0
2006,千葉県,57,40,6,2,0,0,27,17,6,2,0,0
2006,神奈川県,53,32,3,2,0,0,24,15,3,2,0,0
2006,長野県,71,46,18,5,0,0,40,20,9,0,0,0
2006,山梨県,70,63,12,12,0,0,39,33,8,8,0,0
2006,静岡県,77,48,25,1,0,0,42,22,15,1,0,0
2006,愛知県,76,65,21,14,0,0,42,35,11,8,0,0
2006,岐阜県,80,65,29,20,0,0,46,34,14,11,0,0
2006,三重県,76,55,17,8,0,0,44,29,12,7,0,0
2006,新潟県,51,39,10,4,0,0,24,15,2,0,0,0
2006,富山県,45,43,8,3,0,0,21,20,1,0,0,0
2006,石川県,50,45,5,1,0,0,22,19,0,0,0,0
2006,福井県,57,53,10,5,0,0,29,27,2,1,0,0
2006,滋賀県,63,48,11,1,0,0,34,22,5,1,0,0
2006,京都府,76,71,25,18,0,0,46,41,9,7,0,0
2006,大阪府,78,71,27,17,0,0,47,41,9,7,0,0
2006,兵庫県,82,54,24,5,0,0,51,25,11,2,0,0
2006,奈良県,66,61,15,12,0,0,38,33,6,3,0,0
2006,和歌山県,72,59,21,11,0,0,39,31,9,4,0,0
2006,岡山県,76,67,23,14,0,0,49,41,14,10,0,0
2006,広島県,78,56,21,7,0,0,47,28,9,5,0,0
2006,島根県,65,47,14,3,0,0,37,23,9,0,0,0
2006,鳥取県,62,56,16,9,0,0,33,27,4,2,0,0
2006,徳島県,65,49,9,4,0,0,35,23,6,3,0,0
2006,香川県,66,63,19,14,0,0,41,38,11,9,0,0
2006,愛媛県,79,63,26,4,0,0,47,32,15,2,0,0
2006,高知県,82,63,21,3,0,0,45,32,13,2,0,0
2006,山口県,71,58,16,11,0,0,44,33,8,5,0,0
2006,福岡県,79,55,25,6,0,0,50,33,15,4,0,0
2006,大分県,80,51,31,2,0,0,50,29,20,2,0,0
2006,長崎県,65,50,14,2,0,0,35,27,10,1,0,0
2006,佐賀県,70,68,23,23,0,0,41,40,13,13,0,0
2006,熊本県,93,78,28,22,0,0,49,42,18,13,0,0
2006,宮崎県,97,63,22,3,0,0,57,38,14,3,0,0
2006,鹿児島県,112,76,25,8,0,0,58,42,17,5,0,0
2006,沖縄県,159,96,2,1,0,0,83,53,2,1,0,0
2007,北海道,31,10,4,0,0,0,18,2,0,0,0,0
2007,青森県,32,21,4,0,0,0,17,8,0,0,0,0
2007,秋田県,39,15,6,2,0,0,18,5,2,1,0,0
2007,岩手県,42,22,6,2,0,0,20,12,1,0,0,0
2007,宮城県,42,22,4,1,0,0,18,10,1,0,0,0
2007,山形県,45,42,8,7,0,0,19,18,3,3,0,0
2007,福島県,56,47,13,10,0,0,24,22,4,3,0,0
2007,茨城県,63,38,17,4,0,0,30,11,4,0,0,0
2007,栃木県,56,51,9,6,0,0,25,21,0,0,0,0
2007,群馬県,71,61,24,13,2,0,37,29,9,3,0,0
2007,埼玉県,72,54,21,8,1,0,39,24,6,1,0,0
2007,東京都,169,55,14,7,0,0,83,25,4,0,0,0
2007,千葉県,68,51,9,5,0,0,30,21,0,0,0,0
2007,神奈川県,56,46,7,3,0,0,26,18,0,0,0,0
2007,長野県,75,54,14,4,0,0,37,21,1,0,0,0
2007,山梨県,76,74,16,14,0,0,42,41,2,2,0,0
2007,静岡県,82,49,18,2,0,0,40,22,4,0,0,0
2007,愛知県,83,73,17,14,0,0,39,34,4,1,0,0
2007,岐阜県,88,73,26,19,2,0,46,35,8,4,0,0
2007,三重県,79,52,15,4,0,0,37,21,2,0,0,0
2007,新潟県,56,29,10,2,0,0,20,8,2,2,0,0
2007,富山県,49,46,18,16,0,0,16,16,5,5,0,0
2007,石川県,45,38,8,4,0,0,14,10,4,3,0,0
2007,福井県,59,48,9,7,0,0,22,15,3,1,0,0
2007,滋賀県,62,46,10,3,0,0,23,14,1,1,0,0
2007,京都府,81,76,24,20,0,0,39,34,7,5,0,0
2007,大阪府,83,79,21,16,0,0,35,31,1,0,0,0
2007,兵庫県,90,62,21,2,0,0,42,17,6,0,0,0
2007,奈良県,76,65,12,11,0,0,35,26,1,0,0,0
2007,和歌山県,83,68,15,4,0,0,37,23,1,0,0,0
2007,岡山県,87,76,19,14,0,0,41,33,4,3,0,0
2007,広島県,87,75,15,8,0,0,39,27,1,0,0,0
2007,島根県,72,49,19,6,0,0,31,18,5,0,0,0
2007,鳥取県,65,55,18,9,0,0,30,21,4,2,0,0
2007,徳島県,85,68,9,5,0,0,38,23,2,0,0,0
2007,香川県,80,78,18,12,0,0,31,30,2,2,0,0
2007,愛媛県,96,76,24,2,0,0,46,29,5,0,0,0
2007,高知県,91,77,21,4,0,0,40,31,6,1,0,0
2007,山口県,81,70,11,8,0,0,35,27,2,2,0,0
2007,福岡県,101,74,25,8,0,0,47,30,7,2,0,0
2007,大分県,104,74,35,6,0,0,49,32,12,1,0,0
2007,長崎県,93,75,11,0,0,0,35,24,1,0,0,0
2007,佐賀県,91,87,20,16,0,0,40,37,7,6,0,0
2007,熊本県,106,99,33,27,0,0,46,41,10,10,0,0
2007,宮崎県,107,77,23,1,0,0,50,36,13,1,0,0
2007,鹿児島県,122,96,19,13,0,0,60,39,12,10,0,0
2007,沖縄県,151,110,2,0,0,0,78,55,2,0,0,0
2008,北海道,31,4,0,0,0,0,23,4,0,0,0,0
2008,青森県,17,4,0,0,0,0,11,4,0,0,0,0
2008,秋田県,39,19,0,0,0,0,22,10,0,0,0,0
2008,岩手県,34,13,1,0,0,0,22,11,1,0,0,0
2008,宮城県,24,11,0,0,0,0,19,8,0,0,0,0
2008,山形県,49,40,2,2,0,0,31,29,2,2,0,0
2008,福島県,56,38,3,3,0,0,37,27,3,3,0,0
2008,茨城県,65,24,11,2,0,0,41,16,8,1,0,0
2008,栃木県,54,48,5,2,0,0,31,27,3,2,0,0
2008,群馬県,68,58,16,11,0,0,41,35,12,9,0,0
2008,埼玉県,65,49,14,4,0,0,38,31,10,3,0,0
2008,東京都,168,53,14,1,0,0,96,32,11,1,0,0
2008,千葉県,60,48,12,1,0,0,32,28,7,1,0,0
2008,神奈川県,60,51,11,1,0,0,35,31,7,0,0,0
2008,長野県,76,47,19,3,0,0,45,31,17,3,0,0
2008,山梨県,70,64,14,13,0,0,38,35,12,11,0,0
2008,静岡県,78,53,29,4,0,0,40,26,21,0,0,0
2008,愛知県,76,69,33,26,0,0,39,37,25,19,0,0
2008,岐阜県,90,73,36,21,0,0,54,42,27,16,0,0
2008,三重県,74,53,23,5,0,0,42,33,15,3,0,0
2008,新潟県,65,24,6,0,0,0,37,13,3,0,0,0
2008,富山県,50,44,6,4,0,0,33,31,5,4,0,0
2008,石川県,58,50,4,2,0,0,39,33,4,2,0,0
2008,福井県,63,56,13,9,0,0,40,38,9,6,0,0
2008,滋賀県,65,53,16,6,0,0,40,34,10,3,0,0
2008,京都府,82,78,28,21,0,0,48,45,21,16,0,0
2008,大阪府,84,71,24,13,0,0,47,40,18,10,0,0
2008,兵庫県,86,60,28,0,0,0,48,33,20,0,0,0
2008,奈良県,73,65,24,11,0,0,42,38,17,7,0,0
2008,和歌山県,81,64,19,4,0,0,41,32,10,4,0,0
2008,岡山県,86,71,30,19,0,0,52,43,24,15,0,0
2008,広島県,85,73,23,13,0,0,45,39,18,10,0,0
2008,島根県,74,53,19,8,0,0,47,36,13,3,0,0
2008,鳥取県,64,61,16,15,0,0,41,39,11,10,0,0
2008,徳島県,80,66,19,4,0,0,44,36,13,3,0,0
2008,香川県,77,70,30,15,0,0,43,41,23,14,0,0
2008,愛媛県,86,73,29,11,0,0,46,39,23,8,0,0
2008,高知県,86,72,16,2,0,0,45,39,14,2,0,0
2008,山口県,78,68,20,11,0,0,42,38,16,10,0,0
2008,福岡県,82,65,28,10,0,0,45,40,23,7,0,0
2008,大分県,89,66,37,11,0,0,48,40,30,9,0,0
2008,長崎県,79,69,13,3,0,0,41,37,8,2,0,0
2008,佐賀県,82,76,23,21,0,0,43,42,19,17,0,0
2008,熊本県,94,87,28,22,0,0,50,47,23,17,0,0
2008,宮崎県,96,58,26,7,0,0,56,36,22,6,0,0
2008,鹿児島県,122,77,17,10,0,0,66,39,16,9,0,0
2008,沖縄県,160,124,0,0,0,0,74,62,0,0,0,0
2009,北海道,21,4,0,0,0,0,16,1,0,0,0,0
2009,青森県,13,4,0,0,0,0,9,2,0,0,0,0
2009,秋田県,29,10,0,0,0,0,21,7,0,0,0,0
2009,岩手県,30,15,0,0,0,0,23,12,0,0,0,0
2009,宮城県,22,10,0,0,0,0,18,9,0,0,0,0
2009,山形県,33,25,1,1,0,0,23,18,1,1,0,0
2009,福島県,49,37,5,3,0,0,33,25,5,3,0,0
2009,茨城県,55,21,4,0,0,0,30,15,4,0,0,0
2009,栃木県,48,42,2,1,0,0,27,25,2,1,0,0
2009,群馬県,64,50,7,3,0,0,35,29,5,3,0,0
2009,埼玉県,58,43,4,1,0,0,33,25,3,1,0,0
2009,東京都,160,38,2,0,0,0,79,22,2,0,0,0
2009,千葉県,48,29,2,0,0,0,31,17,0,0,0,0
2009,神奈川県,50,30,0,0,0,0,26,15,0,0,0,0
2009,長野県,67,38,3,1,0,0,39,24,2,1,0,0
2009,山梨県,75,63,10,3,0,0,42,36,7,2,0,0
2009,静岡県,72,37,6,2,0,0,38,19,4,1,0,0
2009,愛知県,77,72,7,2,0,0,39,36,3,1,0,0
2009,岐阜県,87,69,11,7,0,0,48,39,5,3,0,0
2009,三重県,81,42,10,2,0,0,46,21,4,2,0,0
2009,新潟県,48,17,2,1,0,0,32,11,2,1,0,0
2009,富山県,41,32,2,2,0,0,28,21,1,1,0,0
2009,石川県,40,27,1,0,0,0,27,17,1,0,0,0
2009,福井県,54,40,2,1,0,0,34,27,1,0,0,0
2009,滋賀県,67,37,4,1,0,0,42,23,3,1,0,0
2009,京都府,89,69,9,6,0,0,56,41,4,3,0,0
2009,大阪府,86,73,9,3,0,0,50,39,6,1,0,0
2009,兵庫県,91,48,7,2,0,0,56,22,4,1,0,0
2009,奈良県,80,73,3,1,0,0,48,41,2,0,0,0
2009,和歌山県,84,59,3,0,0,0,44,29,1,0,0,0
2009,岡山県,82,69,2,1,0,0,50,43,2,1,0,0
2009,広島県,85,60,4,1,0,0,49,29,3,1,0,0
2009,島根県,64,30,4,0,0,0,37,18,3,0,0,0
2009,鳥取県,48,42,1,0,0,0,31,27,0,0,0,0
2009,徳島県,80,57,6,2,0,0,44,29,3,1,0,0
2009,香川県,79,71,4,4,0,0,47,43,3,3,0,0
2009,愛媛県,99,66,12,1,0,0,55,32,7,1,0,0
2009,高知県,102,62,6,4,0,0,54,29,1,0,0,0
2009,山口県,79,68,1,0,0,0,46,38,1,0,0,0
2009,福岡県,92,57,7,0,0,0,52,31,5,0,0,0
2009,大分県,102,58,16,2,0,0,62,31,7,1,0,0
2009,長崎県,81,57,7,2,0,0,39,19,5,2,0,0
2009,佐賀県,79,71,6,5,0,0,41,35,3,3,0,0
2009,熊本県,102,83,19,9,0,0,54,38,8,3,0,0
2009,宮崎県,110,58,20,4,0,0,61,33,9,3,0,0
2009,鹿児島県,119,89,9,6,0,0,64,39,3,2,0,0
2009,沖縄県,137,109,6,0,0,0,74,52,4,0,0,0
2010,北海道,46,20,3,0,0,0,28,9,3,0,0,0
2010,青森県,46,33,3,1,0,0,22,14,2,1,0,0
2010,秋田県,62,36,3,1,0,0,34,14,2,1,0,0
2010,岩手県,68,50,13,2,0,0,41,28,8,2,0,0
2010,宮城県,63,48,12,2,0,0,35,24,7,1,0,0
2010,山形県,73,67,12,8,0,0,42,38,6,5,0,0
2010,福島県,83,72,30,24,0,0,49,42,13,12,0,0
2010,茨城県,87,58,37,6,0,0,49,28,16,1,0,0
2010,栃木県,76,67,28,11,0,0,39,33,9,4,0,0
2010,群馬県,93,82,42,27,0,0,54,46,18,9,0,0
2010,埼玉県,93,82,43,33,0,0,53,44,18,12,0,0
2010,東京都,146,71,37,13,0,0,71,35,15,4,0,0
2010,千葉県,85,67,32,10,0,0,45,31,10,4,0,0
2010,神奈川県,79,68,19,6,0,0,42,33,7,2,0,0
2010,長野県,88,62,32,4,0,0,49,32,13,2,0,0
2010,山梨県,90,82,39,34,0,0,49,44,13,11,0,0
2010,静岡県,87,68,30,3,0,0,46,33,11,0,0,0
2010,愛知県,90,83,38,30,0,0,47,43,13,10,0,0
2010,岐阜県,92,81,41,33,0,0,51,42,17,11,0,0
2010,三重県,92,71,35,13,0,0,50,34,12,7,0,0
2010,新潟県,78,54,23,3,0,0,44,27,7,1,0,0
2010,富山県,72,66,28,19,0,0,37,32,14,9,0,0
2010,石川県,67,60,16,3,0,0,35,30,6,1,0,0
2010,福井県,77,69,34,25,0,0,41,36,14,9,0,0
2010,滋賀県,80,67,37,11,0,0,41,33,14,3,0,0
2010,京都府,91,85,46,35,0,0,50,46,18,14,0,0
2010,大阪府,94,82,40,31,0,0,49,41,13,9,0,0
2010,兵庫県,96,72,47,7,0,0,53,32,19,2,0,0
2010,奈良県,87,83,31,30,0,0,46,43,8,7,0,0
2010,和歌山県,87,75,32,10,0,0,44,33,10,5,0,0
2010,岡山県,91,88,36,24,0,0,48,46,12,8,0,0
2010,広島県,92,79,41,24,0,0,49,36,14,6,0,0
2010,島根県,82,64,40,18,0,0,44,29,16,7,0,0
2010,鳥取県,78,70,42,30,0,0,41,35,17,9,0,0
2010,徳島県,85,72,18,6,0,0,41,29,5,2,0,0
2010,香川県,92,86,37,22,0,0,49,43,10,6,0,0
2010,愛媛県,93,76,40,14,0,0,50,34,11,3,0,0
2010,高知県,91,76,21,3,0,0,44,32,7,1,0,0
2010,山口県,87,80,31,13,0,0,44,40,11,5,0,0
2010,福岡県,90,74,39,24,0,0,48,33,16,7,0,0
2010,大分県,98,75,48,20,0,0,55,35,18,4,0,0
2010,長崎県,77,60,18,1,0,0,36,23,7,1,0,0
2010,佐賀県,79,77,28,26,0,0,40,38,12,10,0,0
2010,熊本県,94,85,27,23,0,0,50,43,10,7,0,0
2010,宮崎県,93,73,14,4,0,0,48,34,4,2,0,0
2010,鹿児島県,116,75,11,0,0,0,60,31,3,0,0,0
2010,沖縄県,142,97,4,0,0,0,71,46,4,0,0,0
2011,北海道,39,11,0,0,0,0,27,7,0,0,0,0
2011,青森県,38,23,3,1,0,0,23,11,0,0,0,0
2011,秋田県,57,34,4,1,0,0,33,21,3,1,0,0
2011,岩手県,54,27,8,0,0,0,37,19,6,0,0,0
2011,宮城県,48,36,6,1,0,0,30,22,2,0,0,0
2011,山形県,68,53,6,4,0,0,37,31,3,2,0,0
2011,福島県,79,69,18,14,0,0,49,41,12,9,0,0
2011,茨城県,76,47,27,6,0,0,41,28,18,3,0,0
2011,栃木県,73,63,24,12,0,0,41,35,15,9,0,0
2011,群馬県,80,69,30,23,0,0,46,42,19,16,0,0
2011,埼玉県,79,69,28,18,0,0,46,37,19,10,0,0
2011,東京都,137,61,26,4,0,0,78,32,17,1,0,0
2011,千葉県,75,61,23,2,0,0,38,29,11,1,0,0
2011,神奈川県,70,64,9,1,0,0,36,33,3,0,0,0
2011,長野県,81,63,14,4,0,0,50,36,10,2,0,0
2011,山梨県,80,75,27,26,0,0,48,45,19,18,0,0
2011,静岡県,87,65,19,8,0,0,47,38,11,4,0,0
2011,愛知県,82,78,20,14,0,0,47,44,13,8,0,0
2011,岐阜県,85,79,28,15,0,0,49,44,17,10,0,0
2011,三重県,86,61,20,4,0,0,49,36,13,1,0,0
2011,新潟県,79,51,21,2,0,0,47,26,13,1,0,0
2011,富山県,66,58,11,5,0,0,44,37,6,2,0,0
2011,石川県,68,65,6,2,0,0,39,37,4,2,0,0
2011,福井県,83,75,24,12,0,0,49,43,17,10,0,0
2011,滋賀県,80,77,19,10,0,0,45,44,14,5,0,0
2011,京都府,85,79,32,17,0,0,49,44,22,10,0,0
2011,大阪府,82,76,27,7,0,0,43,43,14,4,0,0
2011,兵庫県,89,66,30,2,0,0,53,34,20,1,0,0
2011,奈良県,74,72,13,7,0,0,43,41,7,2,0,0
2011,和歌山県,78,70,10,3,0,0,43,38,4,0,0,0
2011,岡山県,78,69,14,11,0,0,45,40,7,5,0,0
2011,広島県,84,70,12,1,0,0,50,39,9,0,0,0
2011,島根県,77,59,11,2,0,0,47,32,9,2,0,0
2011,鳥取県,71,65,18,13,0,0,42,36,15,10,0,0
2011,徳島県,80,68,4,1,0,0,44,39,2,0,0,0
2011,香川県,80,72,13,7,0,0,46,41,7,2,0,0
2011,愛媛県,86,71,16,3,0,0,49,41,7,2,0,0
2011,高知県,86,73,6,0,0,0,48,38,1,0,0,0
2011,山口県,84,68,6,3,0,0,49,40,3,1,0,0
2011,福岡県,86,73,24,8,0,0,49,42,15,6,0,0
2011,大分県,97,70,23,3,0,0,59,40,12,1,0,0
2011,長崎県,84,64,8,2,0,0,46,37,6,2,0,0
2011,佐賀県,77,74,11,10,0,0,43,41,8,7,0,0
2011,熊本県,92,82,17,8,0,0,51,45,10,3,0,0
2011,宮崎県,93,68,12,0,0,0,54,40,5,0,0,0
2011,鹿児島県,119,79,9,1,0,0,70,42,2,0,0,0
2011,沖縄県,141,105,2,0,0,0,75,59,1,0,0,0
2012,北海道,47,20,1,0,0,0,18,8,0,0,0,0
2012,青森県,45,30,8,2,0,0,11,7,3,1,0,0
2012,秋田県,58,38,12,3,0,0,23,10,4,0,0,0
2012,岩手県,66,49,13,5,0,0,25,16,6,2,0,0
2012,宮城県,60,46,4,0,0,0,21,13,1,0,0,0
2012,山形県,67,62,24,16,0,0,27,23,10,10,0,0
2012,福島県,75,64,25,18,0,0,32,25,12,6,0,0
2012,茨城県,78,56,24,3,0,0,34,23,11,2,0,0
2012,栃木県,77,69,28,5,0,0,33,27,13,4,0,0
2012,群馬県,83,74,35,22,0,0,38,32,16,10,0,0
2012,埼玉県,78,70,34,19,0,0,33,28,15,9,0,0
2012,東京都,141,66,25,6,0,0,76,25,12,2,0,0
2012,千葉県,75,58,10,1,0,0,31,22,4,0,0,0
2012,神奈川県,67,60,3,0,0,0,26,21,1,0,0,0
2012,長野県,83,59,19,4,0,0,42,24,16,4,0,0
2012,山梨県,85,82,27,21,0,0,39,38,14,11,0,0
2012,静岡県,82,62,10,1,0,0,35,25,9,1,0,0
2012,愛知県,79,76,14,12,0,0,35,35,11,9,0,0
2012,岐阜県,95,73,27,12,0,0,44,33,16,11,0,0
2012,三重県,78,59,8,4,0,0,36,27,7,4,0,0
2012,新潟県,75,48,33,5,0,0,36,16,10,0,0,0
2012,富山県,64,61,16,12,0,0,28,27,7,4,0,0
2012,石川県,65,62,11,6,0,0,29,27,4,1,0,0
2012,福井県,73,70,28,16,0,0,34,32,14,11,0,0
2012,滋賀県,73,66,15,4,0,0,34,27,13,4,0,0
2012,京都府,85,79,37,21,0,0,42,37,20,14,0,0
2012,大阪府,87,75,27,12,0,0,42,35,17,10,0,0
2012,兵庫県,87,61,34,8,0,0,47,27,19,5,0,0
2012,奈良県,75,70,13,9,0,0,37,34,12,8,0,0
2012,和歌山県,81,66,12,6,0,0,41,29,6,4,0,0
2012,岡山県,82,70,23,11,0,0,41,35,16,8,0,0
2012,広島県,81,71,23,9,0,0,37,32,15,8,0,0
2012,島根県,75,65,27,14,0,0,39,31,14,8,0,0
2012,鳥取県,76,73,31,27,0,0,38,36,17,16,0,0
2012,徳島県,72,64,3,1,0,0,34,29,3,1,0,0
2012,香川県,78,73,27,16,0,0,41,38,14,9,0,0
2012,愛媛県,83,70,21,9,0,0,43,31,15,7,0,0
2012,高知県,89,67,8,0,0,0,49,35,7,0,0,0
2012,山口県,77,62,14,6,0,0,39,32,11,6,0,0
2012,福岡県,84,63,29,10,0,0,47,33,18,7,0,0
2012,大分県,91,62,23,2,0,0,52,31,15,1,0,0
2012,長崎県,73,56,12,6,0,0,35,26,9,5,0,0
2012,佐賀県,74,70,20,19,0,0,41,38,13,12,0,0
2012,熊本県,90,76,21,11,0,0,48,39,11,10,0,0
2012,宮崎県,90,63,7,1,0,0,50,31,3,0,0,0
2012,鹿児島県,107,72,10,1,0,0,64,35,6,1,0,0
2012,沖縄県,127,83,1,0,0,0,77,48,1,0,0,0
2013,北海道,45,9,0,0,0,0,35,6,0,0,0,0
2013,青森県,30,19,1,0,0,0,14,6,0,0,0,0
2013,秋田県,47,23,1,0,0,0,26,13,1,0,0,0
2013,岩手県,46,19,5,0,0,0,21,7,0,0,0,0
2013,宮城県,32,21,5,1,0,0,9,7,0,0,0,0
2013,山形県,48,37,5,5,0,0,26,19,0,0,0,0
2013,福島県,71,53,11,7,0,0,37,24,3,0,0,0
2013,茨城県,73,39,21,2,0,0,36,16,7,0,0,0
2013,栃木県,65,50,20,5,0,0,34,23,10,1,0,0
2013,群馬県,83,67,26,17,1,0,48,37,11,8,0,0
2013,埼玉県,78,65,25,20,0,0,42,34,11,8,0,0
2013,東京都,137,58,19,12,0,0,70,28,10,6,0,0
2013,千葉県,69,56,22,6,0,0,32,27,9,3,0,0
2013,神奈川県,65,56,10,4,0,0,28,27,3,1,0,0
2013,長野県,90,48,23,5,0,0,55,29,10,1,0,0
2013,山梨県,98,88,33,31,2,2,53,48,17,16,0,0
2013,静岡県,95,62,28,3,0,0,44,28,14,0,0,0
2013,愛知県,95,88,32,27,0,0,49,47,16,13,0,0
2013,岐阜県,104,82,34,25,0,0,57,45,19,12,0,0
2013,三重県,96,65,33,16,0,0,51,36,17,10,0,0
2013,新潟県,75,36,13,1,0,0,43,15,5,0,0,0
2013,富山県,70,63,12,9,0,0,42,38,4,4,0,0
2013,石川県,64,51,8,4,0,0,38,30,2,1,0,0
2013,福井県,81,72,17,9,0,0,47,41,6,2,0,0
2013,滋賀県,80,62,21,8,0,0,46,37,9,2,0,0
2013,京都府,102,92,38,30,0,0,61,54,22,16,0,0
2013,大阪府,99,88,35,23,0,0,56,49,20,9,0,0
2013,兵庫県,106,66,33,8,0,0,63,36,19,2,0,0
2013,奈良県,91,81,31,20,0,0,54,48,17,7,0,0
2013,和歌山県,94,76,34,12,0,0,50,42,20,7,0,0
2013,岡山県,100,75,35,20,0,0,58,47,22,12,0,0
2013,広島県,99,77,27,14,0,0,56,41,14,2,0,0
2013,島根県,94,65,23,4,0,0,59,40,10,0,0,0
2013,鳥取県,84,78,20,17,0,0,51,46,8,7,0,0
2013,徳島県,93,69,27,14,0,0,50,39,15,3,0,0
2013,香川県,100,84,35,29,0,0,61,52,20,17,0,0
2013,愛媛県,104,82,41,12,0,0,58,43,26,6,0,0
2013,高知県,98,84,40,9,4,0,52,44,25,4,0,0
2013,山口県,94,84,32,23,0,0,53,49,19,14,0,0
2013,福岡県,103,77,38,30,0,0,59,44,25,17,0,0
2013,大分県,105,66,43,24,0,0,61,42,28,10,0,0
2013,長崎県,92,73,22,6,0,0,49,35,9,0,0,0
2013,佐賀県,92,87,17,15,0,0,51,48,4,2,0,0
2013,熊本県,115,100,27,15,0,0,63,54,13,2,0,0
2013,宮崎県,105,74,45,21,0,0,56,44,32,13,0,0
2013,鹿児島県,131,98,38,28,0,0,70,47,22,14,0,0
2013,沖縄県,150,119,3,0,0,0,83,65,3,0,0,0
2014,北海道,35,12,2,0,0,0,32,12,2,0,0,0
2014,青森県,33,16,0,0,0,0,26,10,0,0,0,0
2014,秋田県,45,23,2,0,0,0,37,21,2,0,0,0
2014,岩手県,48,24,6,0,0,0,38,20,6,0,0,0
2014,宮城県,37,26,5,1,0,0,26,20,4,0,0,0
2014,山形県,48,40,7,7,0,0,37,31,7,7,0,0
2014,福島県,56,43,13,11,0,0,43,33,11,9,0,0
2014,茨城県,55,36,15,5,0,0,37,25,13,4,0,0
2014,栃木県,57,42,17,6,0,0,41,28,13,5,0,0
2014,群馬県,68,52,23,18,0,0,50,39,17,14,0,0
2014,埼玉県,65,52,19,15,0,0,46,38,15,12,0,0
2014,東京都,131,45,18,5,0,0,60,30,13,5,0,0
2014,千葉県,58,49,17,1,0,0,37,31,12,1,0,0
2014,神奈川県,48,44,9,1,0,0,31,29,7,1,0,0
2014,長野県,62,36,12,7,0,0,44,28,10,7,0,0
2014,山梨県,72,64,21,16,0,0,51,45,15,12,0,0
2014,静岡県,77,42,11,3,0,0,47,26,9,1,0,0
2014,愛知県,75,68,14,8,0,0,48,45,10,6,0,0
2014,岐阜県,86,69,16,9,0,0,56,46,13,8,0,0
2014,三重県,80,40,10,3,0,0,52,25,9,3,0,0
2014,新潟県,54,28,10,2,0,0,37,19,9,2,0,0
2014,富山県,48,39,9,6,0,0,34,28,7,4,0,0
2014,石川県,46,34,6,3,0,0,33,21,5,3,0,0
2014,福井県,54,47,12,8,0,0,42,37,8,5,0,0
2014,滋賀県,65,45,7,3,0,0,44,30,6,3,0,0
2014,京都府,83,72,17,13,0,0,55,49,13,10,0,0
2014,大阪府,85,65,9,5,0,0,54,39,8,5,0,0
2014,兵庫県,78,44,9,1,0,0,49,27,6,1,0,0
2014,奈良県,65,60,10,5,0,0,44,41,10,5,0,0
2014,和歌山県,70,57,7,2,0,0,40,31,7,2,0,0
2014,岡山県,72,58,6,3,0,0,45,36,6,3,0,0
2014,広島県,74,49,6,2,0,0,43,26,6,2,0,0
2014,島根県,56,37,5,4,0,0,39,29,4,4,0,0
2014,鳥取県,57,49,8,7,0,0,42,37,6,5,0,0
2014,徳島県,66,46,5,1,0,0,35,27,5,1,0,0
2014,香川県,69,58,7,4,0,0,43,35,5,3,0,0
2014,愛媛県,76,53,8,6,0,0,42,27,6,4,0,0
2014,高知県,79,48,9,3,0,0,43,27,8,2,0,0
2014,山口県,64,53,5,4,0,0,36,32,5,4,0,0
2014,福岡県,78,48,6,2,0,0,43,32,6,2,0,0
2014,大分県,73,38,9,1,0,0,40,22,8,1,0,0
2014,長崎県,60,37,5,1,0,0,32,21,5,1,0,0
2014,佐賀県,61,54,3,3,0,0,33,31,3,3,0,0
2014,熊本県,88,60,5,4,0,0,46,32,5,4,0,0
2014,宮崎県,85,50,9,4,0,0,46,27,8,4,0,0
2014,鹿児島県,109,62,5,2,0,0,54,31,5,2,0,0
2014,沖縄県,152,105,5,0,0,0,86,52,3,0,0,0
2015,北海道,35,6,2,0,0,0,30,6,2,0,0,0
2015,青森県,30,14,2,1,0,0,24,11,2,1,0,0
2015,秋田県,41,23,4,1,0,0,32,17,4,1,0,0
2015,岩手県,45,26,10,2,0,0,38,22,10,2,0,0
2015,宮城県,42,28,10,5,0,0,35,22,10,5,0,0
2015,山形県,49,40,12,12,0,0,39,32,12,12,0,0
2015,福島県,58,49,17,16,0,0,48,40,16,15,0,0
2015,茨城県,55,40,19,4,0,0,41,31,19,4,0,0
2015,栃木県,57,45,20,12,0,0,43,36,19,12,0,0
2015,群馬県,68,50,30,18,0,0,51,39,26,18,0,0
2015,埼玉県,62,50,22,15,0,0,47,36,20,15,0,0
2015,東京都,152,47,18,11,0,0,83,33,17,10,0,0
2015,千葉県,55,44,16,4,0,0,35,29,15,4,0,0
2015,神奈川県,48,40,5,2,0,0,31,28,4,2,0,0
2015,長野県,61,40,23,7,0,0,46,32,22,7,0,0
2015,山梨県,72,65,28,23,0,0,51,45,21,19,0,0
2015,静岡県,66,41,20,4,0,0,43,27,16,3,0,0
2015,愛知県,62,54,18,16,0,0,39,36,14,12,0,0
2015,岐阜県,73,59,26,16,0,0,45,41,20,14,0,0
2015,三重県,64,41,18,2,0,0,38,27,15,1,0,0
2015,新潟県,55,28,12,1,0,0,40,25,11,1,0,0
2015,富山県,50,43,12,7,0,0,34,32,12,7,0,0
2015,石川県,50,36,9,4,0,0,36,29,9,4,0,0
2015,福井県,58,50,13,11,0,0,38,34,13,11,0,0
2015,滋賀県,57,42,11,7,0,0,39,28,10,7,0,0
2015,京都府,73,68,22,21,0,0,51,48,19,18,0,0
2015,大阪府,73,58,18,11,0,0,49,37,16,10,0,0
2015,兵庫県,70,42,18,3,0,0,49,28,16,3,0,0
2015,奈良県,59,52,13,11,0,0,39,35,12,10,0,0
2015,和歌山県,64,51,12,6,0,0,39,30,10,4,0,0
2015,岡山県,67,52,18,14,0,0,48,38,16,12,0,0
2015,広島県,61,42,15,5,0,0,43,28,13,4,0,0
2015,島根県,56,33,13,3,0,0,43,25,12,3,0,0
2015,鳥取県,56,47,12,7,0,0,40,33,12,7,0,0
2015,徳島県,64,44,8,5,0,0,37,27,6,4,0,0
2015,香川県,59,53,16,15,0,0,39,34,14,13,0,0
2015,愛媛県,65,43,15,1,0,0,41,30,13,1,0,0
2015,高知県,70,50,17,4,0,0,39,28,14,4,0,0
2015,山口県,59,46,13,13,0,0,40,30,11,11,0,0
2015,福岡県,69,42,18,4,0,0,44,29,16,3,0,0
2015,大分県,69,40,22,6,0,0,44,26,16,5,0,0
2015,長崎県,49,37,7,1,0,0,28,23,6,1,0,0
2015,佐賀県,56,53,13,11,0,0,36,34,12,10,0,0
2015,熊本県,72,56,15,10,0,0,41,35,13,9,0,0
2015,宮崎県,78,46,16,2,0,0,43,26,12,2,0,0
2015,鹿児島県,122,55,13,4,0,0,70,28,12,3,0,0
2015,沖縄県,161,110,0,0,0,0,89,66,0,0,0,0
2016,北海道,43,11,0,0,0,0,24,5,0,0,0,0
2016,青森県,41,13,2,0,0,0,19,9,2,0,0,0
2016,秋田県,55,38,4,2,0,0,31,18,2,2,0,0
2016,岩手県,50,31,3,0,0,0,24,14,2,0,0,0
2016,宮城県,41,26,1,1,0,0,23,15,0,0,0,0
2016,山形県,57,42,5,2,0,0,28,17,2,1,0,0
2016,福島県,72,48,10,5,0,0,43,27,6,3,0,0
2016,茨城県,70,38,10,2,0,0,38,24,8,1,0,0
2016,栃木県,66,54,10,3,0,0,38,29,8,2,0,0
2016,群馬県,75,57,24,6,0,0,44,34,18,5,0,0
2016,埼玉県,76,60,14,6,0,0,42,33,10,5,0,0
2016,東京都,151,57,6,3,0,0,73,26,5,3,0,0
2016,千葉県,72,53,4,1,0,0,35,24,4,1,0,0
2016,神奈川県,66,54,6,1,0,0,32,25,4,1,0,0
2016,長野県,82,59,13,3,0,0,49,33,7,1,0,0
2016,山梨県,87,86,19,17,0,0,54,53,15,14,0,0
2016,静岡県,89,61,14,4,0,0,46,26,8,3,0,0
2016,愛知県,86,74,21,9,0,0,46,40,10,5,0,0
2016,岐阜県,93,78,27,18,0,0,53,45,16,11,0,0
2016,三重県,90,54,24,6,0,0,50,29,14,3,0,0
2016,新潟県,66,34,11,2,0,0,34,14,3,0,0,0
2016,富山県,65,56,6,4,0,0,37,31,3,2,0,0
2016,石川県,62,55,5,1,0,0,34,29,4,1,0,0
2016,福井県,71,63,11,5,0,0,41,35,5,3,0,0
2016,滋賀県,80,58,17,2,0,0,45,33,7,2,0,0
2016,京都府,93,87,32,27,0,0,55,51,16,13,0,0
2016,大阪府,92,81,28,26,0,0,53,43,11,10,0,0
2016,兵庫県,96,62,28,10,0,0,56,31,13,3,0,0
2016,奈良県,78,76,26,17,0,0,42,40,13,7,0,0
2016,和歌山県,95,74,20,12,0,0,50,38,7,4,0,0
2016,岡山県,84,77,27,22,0,0,47,43,13,9,0,0
2016,広島県,87,70,28,16,0,0,49,36,14,4,0,0
2016,島根県,85,56,19,5,0,0,50,30,8,1,0,0
2016,鳥取県,75,65,13,10,0,0,45,36,9,7,0,0
2016,徳島県,87,67,23,9,0,0,48,35,10,5,0,0
2016,香川県,85,78,25,18,0,0,47,45,10,6,0,0
2016,愛媛県,99,74,31,11,0,0,52,37,14,2,0,0
2016,高知県,102,76,28,5,0,0,52,37,13,1,0,0
2016,山口県,85,74,26,18,0,0,46,41,11,8,0,0
2016,福岡県,106,75,38,22,0,0,62,43,22,13,0,0
2016,大分県,108,69,41,7,0,0,61,37,23,2,0,0
2016,長崎県,85,67,26,8,0,0,44,36,9,1,0,0
2016,佐賀県,90,89,28,26,0,0,51,51,13,11,0,0
2016,熊本県,110,92,33,26,0,0,60,49,15,9,0,0
2016,宮崎県,109,76,29,0,0,0,54,39,14,0,0,0
2016,鹿児島県,148,95,27,11,0,0,74,45,8,1,0,0
2016,沖縄県,185,137,6,0,0,0,99,69,5,0,0,0
2017,北海道,32,7,5,0,0,0,29,7,5,0,0,0
2017,青森県,25,15,3,1,0,0,23,15,3,1,0,0
2017,秋田県,40,25,4,1,0,0,30,19,4,1,0,0
2017,岩手県,38,19,6,1,0,0,32,18,6,1,0,0
2017,宮城県,34,19,0,0,0,0,26,13,0,0,0,0
2017,山形県,50,37,5,4,0,0,35,28,5,4,0,0
2017,福島県,56,43,9,6,0,0,42,35,8,6,0,0
2017,茨城県,65,33,9,1,0,0,45,24,8,0,0,0
2017,栃木県,63,46,9,1,0,0,43,31,8,1,0,0
2017,群馬県,80,60,21,8,0,0,51,43,19,7,0,0
2017,埼玉県,72,58,13,3,0,0,48,41,11,2,0,0
2017,東京都,168,51,7,2,0,0,84,35,6,2,0,0
2017,千葉県,70,53,7,3,0,0,43,35,3,1,0,0
2017,神奈川県,58,48,3,2,0,0,39,33,1,1,0,0
2017,長野県,78,44,11,3,0,0,51,34,10,3,0,0
2017,山梨県,87,80,20,15,0,0,57,52,15,13,0,0
2017,静岡県,86,61,13,5,0,0,51,36,8,1,0,0
2017,愛知県,85,73,11,3,0,0,50,44,8,2,0,0
2017,岐阜県,96,74,16,6,0,0,59,43,13,5,0,0
2017,三重県,86,56,17,4,0,0,52,34,11,2,0,0
2017,新潟県,58,30,9,1,0,0,37,22,9,1,0,0
2017,富山県,51,44,6,3,0,0,34,29,6,3,0,0
2017,石川県,55,45,6,3,0,0,37,30,6,3,0,0
2017,福井県,67,58,10,8,0,0,44,39,8,7,0,0
2017,滋賀県,70,53,2,1,0,0,46,33,1,1,0,0
2017,京都府,90,83,23,18,0,0,56,52,15,11,0,0
2017,大阪府,83,74,20,15,0,0,49,42,15,12,0,0
2017,兵庫県,89,60,23,3,0,0,56,33,16,2,0,0
2017,奈良県,84,76,11,9,0,0,54,49,6,5,0,0
2017,和歌山県,85,70,16,8,0,0,46,39,9,4,0,0
2017,岡山県,77,74,13,9,0,0,48,46,8,5,0,0
2017,広島県,84,61,12,5,0,0,53,37,9,5,0,0
2017,島根県,76,49,12,5,0,0,52,36,9,4,0,0
2017,鳥取県,71,65,14,13,0,0,50,45,11,10,0,0
2017,徳島県,80,67,11,3,0,0,46,36,4,2,0,0
2017,香川県,80,72,23,18,0,0,48,42,15,11,0,0
2017,愛媛県,87,67,25,5,0,0,51,39,17,4,0,0
2017,高知県,94,76,31,3,0,0,53,41,16,1,0,0
2017,山口県,81,75,20,15,0,0,51,49,17,12,0,0
2017,福岡県,96,67,26,13,0,0,60,43,19,9,0,0
2017,大分県,97,60,31,5,0,0,59,38,23,2,0,0
2017,長崎県,81,62,15,3,0,0,49,38,15,3,0,0
2017,佐賀県,85,78,17,15,0,0,54,49,16,14,0,0
2017,熊本県,92,77,21,12,0,0,55,45,16,12,0,0
2017,宮崎県,101,68,29,14,0,0,57,39,18,7,0,0
2017,鹿児島県,136,82,28,13,0,0,64,42,18,8,0,0
2017,沖縄県,156,121,14,2,0,0,81,54,7,2,0,0
2018,北海道,31,8,4,0,0,0,26,8,4,0,0,0
2018,青森県,41,22,3,0,0,0,29,15,2,0,0,0
2018,秋田県,50,30,8,5,0,0,34,21,5,3,0,0
2018,岩手県,57,39,14,2,0,0,43,28,10,1,0,0
2018,宮城県,52,36,14,2,0,0,38,25,10,2,0,0
2018,山形県,62,53,20,14,0,0,44,37,16,10,0,0
2018,福島県,81,64,33,26,0,0,55,44,25,22,0,0
2018,茨城県,86,58,35,9,0,0,56,36,24,5,0,0
2018,栃木県,83,65,37,16,0,0,56,42,27,13,0,0
2018,群馬県,89,72,41,32,0,0,60,51,31,24,0,0
2018,埼玉県,84,70,40,23,1,0,54,42,29,18,1,0
2018,東京都,170,68,30,12,1,0,85,40,22,8,1,0
2018,千葉県,75,66,27,5,0,0,44,38,17,4,0,0
2018,神奈川県,74,61,14,7,0,0,43,37,9,5,0,0
2018,長野県,83,63,37,18,0,0,56,45,26,12,0,0
2018,山梨県,96,86,37,31,1,1,62,56,27,23,1,1
2018,静岡県,92,70,24,4,0,0,54,40,18,2,0,0
2018,愛知県,86,80,37,36,1,1,51,47,25,24,1,1
2018,岐阜県,97,79,43,34,6,0,60,47,29,24,6,0
2018,三重県,85,61,36,12,0,0,51,38,25,8,0,0
2018,新潟県,71,49,24,4,1,0,47,35,17,3,0,0
2018,富山県,72,68,25,22,0,0,47,45,17,14,0,0
2018,石川県,72,64,20,10,0,0,47,40,12,3,0,0
2018,福井県,78,73,28,24,0,0,50,48,18,16,0,0
2018,滋賀県,74,66,30,22,0,0,46,42,20,15,0,0
2018,京都府,86,75,38,32,0,0,57,48,26,22,0,0
2018,大阪府,81,74,36,27,0,0,48,44,25,20,0,0
2018,兵庫県,91,61,39,12,0,0,59,38,25,9,0,0
2018,奈良県,80,72,29,29,0,0,50,45,20,20,0,0
2018,和歌山県,82,73,28,12,0,0,47,42,20,10,0,0
2018,岡山県,78,72,35,30,0,0,47,44,23,19,0,0
2018,広島県,83,66,41,28,0,0,51,37,27,19,0,0
2018,島根県,79,57,37,19,0,0,51,36,24,10,0,0
2018,鳥取県,80,74,32,23,0,0,52,46,18,13,0,0
2018,徳島県,82,64,30,12,0,0,47,40,24,10,0,0
2018,香川県,82,68,36,24,0,0,50,41,26,18,0,0
2018,愛媛県,91,69,35,13,0,0,51,40,22,6,0,0
2018,高知県,90,67,26,5,0,0,52,38,21,5,0,0
2018,山口県,81,72,41,35,0,0,49,43,27,23,0,0
2018,福岡県,95,75,46,16,0,0,58,42,30,6,0,0
2018,大分県,96,71,47,14,0,0,60,40,29,7,0,0
2018,長崎県,86,65,34,7,0,0,49,37,23,3,0,0
2018,佐賀県,86,82,39,36,0,0,53,49,26,24,0,0
2018,熊本県,108,85,44,41,0,0,62,49,28,26,0,0
2018,宮崎県,96,61,22,0,0,0,57,35,19,0,0,0
2018,鹿児島県,133,84,29,7,0,0,82,44,22,6,0,0
2018,沖縄県,150,105,1,0,0,0,92,61,0,0,0,0
2019,北海道,41,18,7,0,0,0,30,15,7,0,0,0
2019,青森県,37,26,6,1,0,0,21,15,3,1,0,0
2019,秋田県,56,30,12,1,0,0,34,16,6,0,0,0
2019,岩手県,49,31,15,3,0,0,28,19,11,3,0,0
2019,宮城県,39,29,9,2,0,0,23,18,9,2,0,0
2019,山形県,56,43,14,11,1,0,32,26,9,7,0,0
2019,福島県,64,46,25,17,0,0,33,26,16,12,0,0
2019,茨城県,62,42,20,6,0,0,29,23,15,5,0,0
2019,栃木県,63,50,23,11,0,0,30,23,15,9,0,0
2019,群馬県,69,59,22,17,0,0,34,29,16,12,0,0
2019,埼玉県,71,64,24,16,0,0,32,30,15,12,0,0
2019,東京都,177,55,19,12,0,0,84,25,12,6,0,0
2019,千葉県,69,54,14,0,0,0,29,22,9,0,0,0
2019,神奈川県,66,57,8,1,0,0,26,24,3,0,0,0
2019,長野県,73,48,19,10,0,0,32,27,11,6,0,0
2019,山梨県,84,75,22,19,0,0,40,35,13,12,0,0
2019,静岡県,84,59,17,1,0,0,36,19,7,0,0,0
2019,愛知県,81,72,27,20,0,0,36,32,14,9,0,0
2019,岐阜県,91,77,30,24,0,0,46,36,15,13,0,0
2019,三重県,83,55,22,3,0,0,39,23,11,1,0,0
2019,新潟県,69,42,20,6,2,0,38,22,10,1,0,0
2019,富山県,58,50,14,9,0,0,31,27,9,7,0,0
2019,石川県,58,47,14,6,1,0,31,25,9,3,0,0
2019,福井県,65,58,20,12,0,0,30,29,11,7,0,0
2019,滋賀県,69,55,20,11,0,0,33,23,12,7,0,0
2019,京都府,90,86,29,24,0,0,51,48,15,13,0,0
2019,大阪府,95,80,25,19,0,0,50,40,14,9,0,0
2019,兵庫県,94,56,25,7,0,0,51,23,13,3,0,0
2019,奈良県,78,76,17,17,0,0,41,40,11,11,0,0
2019,和歌山県,84,75,15,9,0,0,40,36,5,4,0,0
2019,岡山県,87,75,18,14,0,0,44,36,10,7,0,0
2019,広島県,89,62,21,7,0,0,43,27,12,4,0,0
2019,島根県,82,48,19,8,0,0,46,26,12,6,0,0
2019,鳥取県,70,64,24,20,0,0,38,34,14,13,0,0
2019,徳島県,72,57,11,4,0,0,36,25,6,2,0,0
2019,香川県,85,69,15,10,0,0,46,35,9,5,0,0
2019,愛媛県,88,72,17,4,0,0,43,32,10,1,0,0
2019,高知県,83,58,12,2,0,0,42,22,9,1,0,0
2019,山口県,82,71,17,11,0,0,44,38,12,7,0,0
2019,福岡県,87,55,19,7,0,0,53,29,11,4,0,0
2019,大分県,98,55,25,3,0,0,56,27,15,2,0,0
2019,長崎県,72,50,12,3,0,0,37,23,7,1,0,0
2019,佐賀県,79,71,14,14,0,0,46,42,8,8,0,0
2019,熊本県,95,80,17,14,0,0,52,42,10,10,0,0
2019,宮崎県,95,60,10,2,0,0,48,28,8,2,0,0
2019,鹿児島県,121,78,12,1,0,0,60,31,9,1,0,0
2019,沖縄県,162,89,0,0,0,0,89,44,0,0,0,0
2020,北海道,46,12,3,0,0,0,25,3,0,0,0,0
2020,青森県,39,22,4,2,0,0,16,5,0,0,0,0
2020,秋田県,50,29,7,3,0,0,20,8,0,0,0,0
2020,岩手県,51,29,8,0,0,0,23,8,2,0,0,0
2020,宮城県,44,32,6,2,0,0,16,10,0,0,0,0
2020,山形県,56,46,14,11,0,0,23,16,2,1,0,0
2020,福島県,64,55,19,14,0,0,30,24,5,4,0,0
2020,茨城県,66,48,22,3,0,0,33,18,4,1,0,0
2020,栃木県,69,50,28,8,0,0,35,20,5,0,0,0
2020,群馬県,74,65,26,17,1,0,41,32,3,2,0,0
2020,埼玉県,68,56,28,17,1,0,35,23,5,3,0,0
2020,東京都,188,54,22,12,0,0,89,23,3,1,0,0
2020,千葉県,71,51,20,2,0,0,34,19,3,0,0,0
2020,神奈川県,58,50,15,5,0,0,23,18,3,0,0,0
2020,長野県,77,48,23,12,0,0,41,16,2,1,0,0
2020,山梨県,85,74,26,24,0,0,48,39,3,3,0,0
2020,静岡県,88,61,22,10,2,0,45,20,3,3,0,0
2020,愛知県,83,74,32,24,0,0,46,38,8,2,0,0
2020,岐阜県,92,77,30,24,0,0,51,39,7,5,0,0
2020,三重県,85,47,25,7,0,0,46,19,6,0,0,0
2020,新潟県,64,43,15,6,1,0,25,13,2,0,0,0
2020,富山県,61,56,16,14,0,0,27,23,3,3,0,0
2020,石川県,62,54,13,8,0,0,27,20,1,0,0,0
2020,福井県,71,60,19,15,0,0,35,26,3,3,0,0
2020,滋賀県,69,53,24,12,0,0,34,22,5,1,0,0
2020,京都府,84,75,31,26,0,0,46,37,6,6,0,0
2020,大阪府,81,70,25,22,0,0,43,34,2,0,0,0
2020,兵庫県,89,50,32,13,0,0,50,18,5,0,0,0
2020,奈良県,75,70,24,24,0,0,41,36,5,5,0,0
2020,和歌山県,78,61,26,13,0,0,41,28,5,1,0,0
2020,岡山県,83,70,29,24,0,0,46,35,3,2,0,0
2020,広島県,78,57,24,15,0,0,43,24,1,0,0,0
2020,島根県,74,52,29,14,0,0,42,21,6,3,0,0
2020,鳥取県,70,62,24,21,0,0,36,29,5,3,0,0
2020,徳島県,74,59,26,14,0,0,38,26,3,2,0,0
2020,香川県,75,69,27,23,0,0,39,34,2,1,0,0
2020,愛媛県,86,62,36,14,0,0,49,28,11,2,0,0
2020,高知県,85,61,27,8,0,0,44,25,10,0,0,0
2020,山口県,73,64,21,15,0,0,40,33,2,1,0,0
2020,福岡県,85,61,27,12,0,0,50,33,7,2,0,0
2020,大分県,91,55,35,8,0,0,55,25,14,0,0,0
2020,長崎県,66,44,10,2,0,0,35,21,0,0,0,0
2020,佐賀県,72,68,19,17,0,0,40,36,3,3,0,0
2020,熊本県,84,73,25,19,0,0,45,37,5,2,0,0
2020,宮崎県,88,66,24,9,0,0,51,33,10,5,0,0
2020,鹿児島県,123,64,24,13,0,0,73,34,8,3,0,0
2020,沖縄県,165,108,5,0,0,0,91,64,5,0,0,0
2021,北海道,45,27,21,3,0,0,37,23,21,3,0,0
2021,青森県,39,18,8,0,0,0,28,15,8,0,0,0
2021,秋田県,54,34,15,3,0,0,44,32,15,3,0,0
2021,岩手県,52,30,10,7,0,0,37,27,10,7,0,0
2021,宮城県,42,28,7,0,0,0,26,18,7,0,0,0
2021,山形県,57,48,12,10,0,0,40,33,12,10,0,0
2021,福島県,64,48,14,11,0,0,42,30,11,10,0,0
2021,茨城県,57,32,14,1,0,0,36,21,9,0,0,0
2021,栃木県,65,45,18,4,0,0,41,29,13,2,0,0
2021,群馬県,70,59,22,15,0,0,45,39,16,10,0,0
2021,埼玉県,70,52,23,12,0,0,43,33,16,8,0,0
2021,東京都,174,52,13,2,0,0,83,31,7,0,0,0
2021,千葉県,56,46,10,1,0,0,34,29,6,0,0,0
2021,神奈川県,54,47,2,1,0,0,33,30,0,0,0,0
2021,長野県,62,45,19,7,0,0,43,30,13,7,0,0
2021,山梨県,69,66,25,16,0,0,42,41,19,10,0,0
2021,静岡県,73,49,13,2,0,0,42,30,5,1,0,0
2021,愛知県,84,66,18,8,0,0,47,42,12,5,0,0
2021,岐阜県,87,71,25,15,1,0,50,42,20,10,1,0
2021,三重県,83,49,20,7,0,0,50,33,12,3,0,0
2021,新潟県,63,41,15,4,0,0,39,30,14,4,0,0
2021,富山県,65,56,8,4,0,0,42,36,7,3,0,0
2021,石川県,61,49,10,4,0,0,39,34,9,3,0,0
2021,福井県,70,58,14,5,0,0,42,38,13,5,0,0
2021,滋賀県,64,46,9,4,0,0,41,33,9,4,0,0
2021,京都府,87,77,22,18,0,0,54,49,17,14,0,0
2021,大阪府,88,78,21,15,0,0,53,46,18,15,0,0
2021,兵庫県,91,49,21,3,0,0,52,33,19,3,0,0
2021,奈良県,78,76,15,9,0,0,50,50,10,8,0,0
2021,和歌山県,82,57,10,3,0,0,43,37,7,3,0,0
2021,岡山県,83,64,18,13,0,0,48,39,16,12,0,0
2021,広島県,87,71,17,7,0,0,49,41,17,7,0,0
2021,島根県,87,49,15,6,0,0,52,34,15,6,0,0
2021,鳥取県,73,62,13,12,0,0,42,39,13,12,0,0
2021,徳島県,81,53,8,6,0,0,46,35,8,6,0,0
2021,香川県,74,61,14,11,0,0,45,39,13,10,0,0
2021,愛媛県,97,64,19,4,0,0,51,36,15,3,0,0
2021,高知県,95,68,17,1,0,0,51,36,12,1,0,0
2021,山口県,93,81,14,11,0,0,54,50,13,10,0,0
2021,福岡県,117,80,20,9,0,0,67,46,19,9,0,0
2021,大分県,115,64,21,1,0,0,64,37,15,0,0,0
2021,長崎県,97,71,9,5,0,0,50,39,9,5,0,0
2021,佐賀県,108,105,14,14,0,0,60,58,14,14,0,0
2021,熊本県,118,102,16,11,0,0,63,55,16,11,0,0
2021,宮崎県,111,57,8,1,0,0,55,29,7,1,0,0
2021,鹿児島県,146,96,5,3,0,0,78,45,4,3,0,0
2021,沖縄県,163,121,0,0,0,0,94,59,0,0,0,0
2022,北海道,37,10,0,0,0,0,27,9,0,0,0,0
2022,青森県,40,14,0,0,0,0,25,8,0,0,0,0
2022,秋田県,65,31,1,0,0,0,43,23,0,0,0,0
2022,岩手県,61,29,7,0,0,0,41,23,6,0,0,0
2022,宮城県,48,32,13,5,0,0,31,23,10,4,0,0
2022,山形県,68,53,12,7,0,0,43,33,8,5,0,0
2022,福島県,81,58,21,11,0,0,50,37,16,9,0,0
2022,茨城県,77,53,25,14,0,0,43,36,21,12,0,0
2022,栃木県,78,59,29,15,0,0,44,38,25,13,0,0
2022,群馬県,80,68,28,18,3,0,46,43,23,15,3,0
2022,埼玉県,76,67,29,19,1,0,43,40,24,17,1,0
2022,東京都,168,66,21,16,0,0,90,39,19,14,0,0
2022,千葉県,78,60,18,2,0,0,40,32,18,2,0,0
2022,神奈川県,75,60,13,5,0,0,41,36,11,5,0,0
2022,長野県,91,68,19,10,0,0,51,44,17,8,0,0
2022,山梨県,92,81,26,21,1,0,51,46,20,18,1,0
2022,静岡県,95,70,15,5,0,0,50,36,12,3,0,0
2022,愛知県,97,88,24,16,0,0,50,45,18,12,0,0
2022,岐阜県,96,89,29,20,1,0,50,45,21,17,1,0
2022,三重県,97,64,28,4,0,0,53,36,21,3,0,0
2022,新潟県,86,53,19,2,0,0,53,37,10,0,0,0
2022,富山県,77,70,23,21,0,0,53,47,14,12,0,0
2022,石川県,78,71,18,11,0,0,50,43,10,6,0,0
2022,福井県,88,77,26,14,0,0,53,46,18,10,0,0
2022,滋賀県,85,73,20,15,0,0,48,42,15,10,0,0
2022,京都府,100,96,33,25,0,0,58,54,23,17,0,0
2022,大阪府,103,87,31,14,0,0,56,46,18,10,0,0
2022,兵庫県,104,73,41,2,0,0,58,37,25,2,0,0
2022,奈良県,95,89,24,16,0,0,54,51,17,11,0,0
2022,和歌山県,93,82,24,6,0,0,49,43,15,4,0,0
2022,岡山県,101,93,22,15,0,0,55,52,17,12,0,0
2022,広島県,109,85,24,8,0,0,63,48,14,6,0,0
2022,島根県,94,66,22,8,0,0,59,43,16,7,0,0
2022,鳥取県,88,83,28,19,0,0,53,50,18,16,0,0
2022,徳島県,94,74,30,6,0,0,52,40,18,3,0,0
2022,香川県,99,90,32,26,0,0,56,51,22,16,0,0
2022,愛媛県,109,86,35,10,0,0,59,45,19,7,0,0
2022,高知県,106,88,24,3,0,0,54,43,13,1,0,0
2022,山口県,105,94,26,16,0,0,62,56,17,11,0,0
2022,福岡県,107,87,35,20,0,0,64,51,22,14,0,0
2022,大分県,110,79,35,6,0,0,65,44,21,3,0,0
2022,長崎県,95,69,19,5,0,0,54,36,11,3,0,0
2022,佐賀県,94,90,23,15,0,0,56,52,14,10,0,0
2022,熊本県,107,90,28,12,0,0,58,48,19,10,0,0
2022,宮崎県,105,82,24,9,0,0,54,47,14,4,0,0
2022,鹿児島県,126,96,27,8,0,0,62,47,16,3,0,0
2022,沖縄県,152,109,4,0,0,0,84,52,1,0,0,0
2023,北海道,70,30,16,3,0,0,38,13,8,0,0,0
2023,青森県,65,50,20,9,0,0,29,21,10,5,0,0
2023,秋田県,73,54,29,13,0,0,35,20,8,3,0,0
2023,岩手県,79,58,26,5,0,0,40,25,13,5,0,0
2023,宮城県,77,66,23,7,0,0,40,30,14,6,0,0
2023,山形県,81,73,39,28,0,0,41,37,16,12,0,0
2023,福島県,89,80,44,34,1,0,46,42,20,18,1,0
2023,茨城県,97,75,38,14,0,0,54,35,21,11,0,0
2023,栃木県,95,81,42,23,0,0,52,41,21,16,0,0
2023,群馬県,104,95,50,36,0,0,59,52,24,22,0,0
2023,埼玉県,99,92,48,35,0,0,54,49,25,21,0,0
2023,東京都,128,90,34,22,0,0,72,48,22,17,0,0
2023,千葉県,98,87,35,7,0,0,52,44,22,5,0,0
2023,神奈川県,91,84,26,9,0,0,45,43,16,6,0,0
2023,長野県,97,80,46,24,0,0,50,39,23,10,0,0
2023,山梨県,100,91,42,35,0,0,52,46,24,20,0,0
2023,静岡県,105,84,30,7,0,0,53,39,21,6,0,0
2023,愛知県,107,93,44,32,0,0,56,47,27,18,0,0
2023,岐阜県,110,96,46,31,0,0,59,50,27,18,0,0
2023,三重県,105,83,34,6,0,0,55,43,24,5,0,0
2023,新潟県,85,64,45,20,0,0,42,28,18,7,0,0
2023,富山県,91,86,41,30,0,0,49,45,24,17,0,0
2023,石川県,89,85,41,20,1,0,46,42,20,10,0,0
2023,福井県,93,87,41,32,0,0,48,45,24,21,0,0
2023,滋賀県,93,86,36,26,0,0,45,40,22,13,0,0
2023,京都府,100,95,52,43,0,0,50,46,27,24,0,0
2023,大阪府,100,92,44,27,0,0,50,46,22,16,0,0
2023,兵庫県,105,83,45,15,0,0,54,36,25,7,0,0
2023,奈良県,92,90,30,28,0,0,48,46,19,17,0,0
2023,和歌山県,102,87,29,9,0,0,52,42,20,4,0,0
2023,岡山県,94,86,32,22,0,0,44,41,18,13,0,0
2023,広島県,97,78,35,16,0,0,47,36,20,11,0,0
2023,島根県,93,62,33,15,0,0,52,32,22,12,0,0
2023,鳥取県,85,79,38,34,0,0,47,43,23,22,0,0
2023,徳島県,94,80,19,5,0,0,47,37,13,2,0,0
2023,香川県,94,87,33,23,0,0,46,42,19,14,0,0
2023,愛媛県,101,88,27,11,0,0,50,41,18,6,0,0
2023,高知県,111,87,21,1,0,0,59,41,13,0,0,0
2023,山口県,101,77,28,13,0,0,50,39,18,7,0,0
2023,福岡県,109,89,37,17,0,0,60,48,23,13,0,0
2023,大分県,111,79,38,3,0,0,62,38,22,1,0,0
2023,長崎県,95,75,28,8,0,0,48,33,16,8,0,0
2023,佐賀県,95,91,28,24,0,0,49,45,16,13,0,0
2023,熊本県,116,94,35,24,0,0,62,45,22,15,0,0
2023,宮崎県,107,85,16,3,0,0,57,42,11,2,0,0
2023,鹿児島県,127,97,21,2,0,0,66,46,15,1,0,0
2023,沖縄県,156,111,1,0,0,0,80,50,1,0,0,0
2024,北海道,39,13,3,0,0,0,39,13,3,0,0,0
2024,青森県,40,13,1,0,0,0,40,13,1,0,0,0
2024,秋田県,36,13,1,0,0,0,36,13,1,0,0,0
2024,岩手県,55,30,5,1,0,0,55,30,5,1,0,0
2024,宮城県,41,29,3,2,0,0,41,29,3,2,0,0
2024,山形県,41,37,3,1,0,0,41,37,3,1,0,0
2024,福島県,58,47,14,7,0,0,58,47,14,7,0,0
2024,茨城県,53,40,25,8,1,0,53,40,25,8,1,0
2024,栃木県,53,46,26,12,1,0,53,46,26,12,1,0
2024,群馬県,58,49,27,22,1,0,58,49,27,22,1,0
2024,埼玉県,54,48,29,21,1,0,54,48,29,21,1,0
2024,東京都,63,41,24,14,0,0,63,41,24,14,0,0
2024,千葉県,51,39,24,6,0,0,51,39,24,6,0,0
2024,神奈川県,43,41,20,13,0,0,43,41,20,13,0,0
2024,長野県,57,39,23,5,0,0,57,39,23,5,0,0
2024,山梨県,58,49,28,23,0,0,58,49,28,23,0,0
2024,静岡県,54,39,33,18,2,1,54,39,33,18,2,1
2024,愛知県,52,49,30,26,0,0,52,49,30,26,0,0
2024,岐阜県,57,46,29,22,0,0,57,46,29,22,0,0
2024,三重県,54,38,29,15,0,0,54,38,29,15,0,0
2024,新潟県,53,26,8,1,0,0,53,26,8,1,0,0
2024,富山県,50,45,15,13,0,0,50,45,15,13,0,0
2024,石川県,52,39,10,5,0,0,52,39,10,5,0,0
2024,福井県,48,44,14,12,0,0,48,44,14,12,0,0
2024,滋賀県,47,42,26,23,0,0,47,42,26,23,0,0
2024,京都府,57,55,28,28,0,0,57,55,28,28,0,0
2024,大阪府,52,45,26,22,0,0,52,45,26,22,0,0
2024,兵庫県,55,36,30,9,0,0,55,36,30,9,0,0
2024,奈良県,50,48,26,23,0,0,50,48,26,23,0,0
2024,和歌山県,52,41,28,13,0,0,52,41,28,13,0,0
2024,岡山県,49,41,24,24,0,0,49,41,24,24,0,0
2024,広島県,55,36,28,18,0,0,55,36,28,18,0,0
2024,島根県,55,40,23,3,0,0,55,40,23,3,0,0
2024,鳥取県,53,43,19,13,0,0,53,43,19,13,0,0
2024,徳島県,48,37,28,13,0,0,48,37,28,13,0,0
2024,香川県,42,38,27,24,0,0,42,38,27,24,0,0
2024,愛媛県,46,38,27,15,0,0,46,38,27,15,0,0
2024,高知県,53,38,29,11,0,0,53,38,29,11,0,0
2024,山口県,51,48,23,19,0,0,51,48,23,19,0,0
2024,福岡県,57,44,29,21,0,0,57,44,29,21,0,0
2024,大分県,59,40,32,24,0,0,59,40,32,24,0,0
2024,長崎県,47,34,23,3,0,0,47,34,23,3,0,0
2024,佐賀県,52,50,20,18,0,0,52,50,20,18,0,0
2024,熊本県,53,48,27,20,0,0,53,48,27,20,0,0
2024,宮崎県,55,43,31,15,0,0,55,43,31,15,0,0
2024,鹿児島県,63,44,35,22,0,0,63,44,35,22,0,0
2024,沖縄県,100,54,21,8,0,0,100,54,21,8,0,0
