date,over30,over35,over40,total,null_values
2012-05-01 00:00:00,5.0,,,,
2012-05-02 00:00:00,10.0,,,,
2012-05-03 00:00:00,,,,,
2012-05-04 00:00:00,,,,,
2012-05-05 00:00:00,13.0,,,,
2012-05-06 00:00:00,6.0,,,,
2012-05-07 00:00:00,3.0,,,,
2012-05-08 00:00:00,3.0,,,,
2012-05-09 00:00:00,9.0,,,,
2012-05-10 00:00:00,1.0,,,,
2012-05-11 00:00:00,,,,,
2012-05-12 00:00:00,,,,,
2012-05-13 00:00:00,,,,,
2012-05-14 00:00:00,11.0,,,,
2012-05-15 00:00:00,13.0,,,,
2012-05-16 00:00:00,2.0,,,,
2012-05-17 00:00:00,,,,,
2012-05-18 00:00:00,,,,,
2012-05-19 00:00:00,,,,,
2012-05-20 00:00:00,,,,,
2012-05-21 00:00:00,,,,,
2012-05-22 00:00:00,1.0,,,,
2012-05-23 00:00:00,,,,,
2012-05-24 00:00:00,1.0,,,,
2012-05-25 00:00:00,2.0,,,,
2012-05-26 00:00:00,1.0,,,,
2012-05-27 00:00:00,12.0,,,,
2012-05-28 00:00:00,25.0,,,,
2012-05-29 00:00:00,26.0,,,,
2012-05-30 00:00:00,,,,,
2012-05-31 00:00:00,5.0,,,,
2012-06-01 00:00:00,3.0,,,,
2012-06-02 00:00:00,8.0,,,,
2012-06-03 00:00:00,7.0,,,,
2012-06-04 00:00:00,8.0,,,,
2012-06-05 00:00:00,7.0,,,,
2012-06-06 00:00:00,39.0,,,,
2012-06-07 00:00:00,37.0,,,,
2012-06-08 00:00:00,38.0,,,,
2012-06-09 00:00:00,25.0,,,,
2012-06-10 00:00:00,35.0,,,,
2012-06-11 00:00:00,9.0,,,,
2012-06-12 00:00:00,1.0,,,,
2012-06-13 00:00:00,22.0,,,,
2012-06-14 00:00:00,71.0,,,,
2012-06-15 00:00:00,13.0,,,,
2012-06-16 00:00:00,26.0,,,,
2012-06-17 00:00:00,49.0,,,,
2012-06-18 00:00:00,60.0,,,,
2012-06-19 00:00:00,10.0,,,,
2012-06-20 00:00:00,51.0,,,,
2012-06-21 00:00:00,1.0,,,,
2012-06-22 00:00:00,39.0,,,,
2012-06-23 00:00:00,21.0,,,,
2012-06-24 00:00:00,27.0,,,,
2012-06-25 00:00:00,31.0,,,,
2012-06-26 00:00:00,37.0,,,,
2012-06-27 00:00:00,61.0,,,,
2012-06-28 00:00:00,81.0,,,,
2012-06-29 00:00:00,169.0,,,,
2012-06-30 00:00:00,176.0,,,,
2012-07-01 00:00:00,140.0,,,,
2012-07-02 00:00:00,130.0,,,,
2012-07-03 00:00:00,45.0,,,,
2012-07-04 00:00:00,221.0,,,,
2012-07-05 00:00:00,144.0,,,,
2012-07-06 00:00:00,171.0,,,,
2012-07-07 00:00:00,66.0,,,,
2012-07-08 00:00:00,73.0,1.0,,,
2012-07-09 00:00:00,156.0,,,,
2012-07-10 00:00:00,303.0,,,,
2012-07-11 00:00:00,234.0,1.0,,,
2012-07-12 00:00:00,176.0,,,,
2012-07-13 00:00:00,183.0,,,,
2012-07-14 00:00:00,234.0,,,,
2012-07-15 00:00:00,436.0,15.0,,,
2012-07-16 00:00:00,570.0,60.0,,,
2012-07-17 00:00:00,516.0,75.0,,,
2012-07-18 00:00:00,523.0,77.0,,,
2012-07-19 00:00:00,449.0,53.0,,,
2012-07-20 00:00:00,199.0,,,,
2012-07-21 00:00:00,195.0,,,,
2012-07-22 00:00:00,250.0,,,,
2012-07-23 00:00:00,377.0,,,,
2012-07-24 00:00:00,472.0,5.0,,,
2012-07-25 00:00:00,499.0,12.0,,,
2012-07-26 00:00:00,682.0,111.0,,,
2012-07-27 00:00:00,744.0,123.0,,,
2012-07-28 00:00:00,784.0,137.0,,,
2012-07-29 00:00:00,744.0,74.0,,,
2012-07-30 00:00:00,773.0,89.0,,,
2012-07-31 00:00:00,759.0,170.0,,,
2012-08-01 00:00:00,589.0,75.0,,,
2012-08-02 00:00:00,646.0,126.0,,,
2012-08-03 00:00:00,625.0,115.0,,,
2012-08-04 00:00:00,579.0,83.0,,,
2012-08-05 00:00:00,621.0,104.0,,,
2012-08-06 00:00:00,490.0,52.0,,,
2012-08-07 00:00:00,504.0,73.0,,,
2012-08-08 00:00:00,381.0,8.0,,,
2012-08-09 00:00:00,379.0,3.0,,,
2012-08-10 00:00:00,520.0,17.0,,,
2012-08-11 00:00:00,383.0,2.0,,,
2012-08-12 00:00:00,565.0,2.0,,,
2012-08-13 00:00:00,502.0,31.0,,,
2012-08-14 00:00:00,210.0,,,,
2012-08-15 00:00:00,521.0,28.0,,,
2012-08-16 00:00:00,660.0,81.0,,,
2012-08-17 00:00:00,654.0,106.0,,,
2012-08-18 00:00:00,594.0,28.0,,,
2012-08-19 00:00:00,686.0,22.0,,,
2012-08-20 00:00:00,696.0,31.0,,,
2012-08-21 00:00:00,731.0,60.0,,,
2012-08-22 00:00:00,762.0,81.0,,,
2012-08-23 00:00:00,670.0,68.0,,,
2012-08-24 00:00:00,652.0,35.0,,,
2012-08-25 00:00:00,652.0,64.0,,,
2012-08-26 00:00:00,625.0,62.0,,,
2012-08-27 00:00:00,624.0,66.0,,,
2012-08-28 00:00:00,539.0,37.0,,,
2012-08-29 00:00:00,588.0,23.0,,,
2012-08-30 00:00:00,739.0,45.0,,,
2012-08-31 00:00:00,604.0,46.0,,,
2012-09-01 00:00:00,461.0,12.0,,,
2012-09-02 00:00:00,465.0,1.0,,,
2012-09-03 00:00:00,477.0,,,,
2012-09-04 00:00:00,537.0,,,,
2012-09-05 00:00:00,509.0,3.0,,,
2012-09-06 00:00:00,300.0,,,,
2012-09-07 00:00:00,475.0,1.0,,,
2012-09-08 00:00:00,407.0,2.0,,,
2012-09-09 00:00:00,444.0,1.0,,,
2012-09-10 00:00:00,426.0,1.0,,,
2012-09-11 00:00:00,272.0,,,,
2012-09-12 00:00:00,341.0,,,,
2012-09-13 00:00:00,525.0,3.0,,,
2012-09-14 00:00:00,550.0,4.0,,,
2012-09-15 00:00:00,486.0,3.0,,,
2012-09-16 00:00:00,405.0,1.0,,,
2012-09-17 00:00:00,405.0,38.0,,,
2012-09-18 00:00:00,358.0,28.0,,,
2012-09-19 00:00:00,80.0,,,,
2012-09-20 00:00:00,73.0,,,,
2012-09-21 00:00:00,21.0,,,,
2012-09-22 00:00:00,28.0,,,,
2012-09-23 00:00:00,18.0,,,,
2012-09-24 00:00:00,10.0,,,,
2012-09-25 00:00:00,31.0,,,,
2012-09-26 00:00:00,26.0,,,,
2012-09-27 00:00:00,15.0,,,,
2012-09-28 00:00:00,48.0,,,,
2012-09-29 00:00:00,13.0,,,,
2012-09-30 00:00:00,14.0,,,,
2012-10-01 00:00:00,51.0,,,,
2012-10-02 00:00:00,3.0,,,,
2012-10-03 00:00:00,3.0,,,,
2012-10-04 00:00:00,22.0,,,,
2012-10-05 00:00:00,2.0,,,,
2012-10-06 00:00:00,,,,,
2012-10-07 00:00:00,,,,,
2012-10-08 00:00:00,,,,,
2012-10-09 00:00:00,,,,,
2012-10-10 00:00:00,,,,,
2012-10-11 00:00:00,,,,,
2012-10-12 00:00:00,,,,,
2012-10-13 00:00:00,,,,,
2012-10-14 00:00:00,,,,,
2012-10-15 00:00:00,2.0,,,,
2012-10-16 00:00:00,,,,,
2012-10-17 00:00:00,,,,,
2012-10-18 00:00:00,,,,,
2012-10-19 00:00:00,,,,,
2012-10-20 00:00:00,,,,,
2012-10-21 00:00:00,,,,,
2012-10-22 00:00:00,,,,,
2012-10-23 00:00:00,,,,,
2012-10-24 00:00:00,,,,,
2012-10-25 00:00:00,,,,,
2012-10-26 00:00:00,,,,,
2012-10-27 00:00:00,,,,,
2012-10-28 00:00:00,,,,,
2012-10-29 00:00:00,,,,,
2012-10-30 00:00:00,,,,,
2012-10-31 00:00:00,,,,,
2013-05-01 00:00:00,,,,,
2013-05-02 00:00:00,,,,,
2013-05-03 00:00:00,,,,,
2013-05-04 00:00:00,,,,,
2013-05-05 00:00:00,,,,,
2013-05-06 00:00:00,1.0,,,,
2013-05-07 00:00:00,,,,,
2013-05-08 00:00:00,,,,,
2013-05-09 00:00:00,27.0,,,,
2013-05-10 00:00:00,3.0,,,,
2013-05-11 00:00:00,,,,,
2013-05-12 00:00:00,1.0,,,,
2013-05-13 00:00:00,58.0,,,,
2013-05-14 00:00:00,112.0,,,,
2013-05-15 00:00:00,4.0,,,,
2013-05-16 00:00:00,4.0,,,,
2013-05-17 00:00:00,1.0,,,,
2013-05-18 00:00:00,7.0,,,,
2013-05-19 00:00:00,5.0,,,,
2013-05-20 00:00:00,8.0,,,,
2013-05-21 00:00:00,43.0,,,,
2013-05-22 00:00:00,105.0,,,,
2013-05-23 00:00:00,90.0,,,,
2013-05-24 00:00:00,105.0,1.0,,,
2013-05-25 00:00:00,57.0,,,,
2013-05-26 00:00:00,47.0,,,,
2013-05-27 00:00:00,59.0,,,,
2013-05-28 00:00:00,52.0,,,,
2013-05-29 00:00:00,41.0,,,,
2013-05-30 00:00:00,24.0,,,,
2013-05-31 00:00:00,20.0,,,,
2013-06-01 00:00:00,26.0,,,,
2013-06-02 00:00:00,21.0,,,,
2013-06-03 00:00:00,24.0,,,,
2013-06-04 00:00:00,113.0,,,,
2013-06-05 00:00:00,53.0,,,,
2013-06-06 00:00:00,13.0,,,,
2013-06-07 00:00:00,56.0,,,,
2013-06-08 00:00:00,28.0,,,,
2013-06-09 00:00:00,54.0,,,,
2013-06-10 00:00:00,64.0,,,,
2013-06-11 00:00:00,134.0,,,,
2013-06-12 00:00:00,312.0,3.0,,,
2013-06-13 00:00:00,337.0,33.0,,,
2013-06-14 00:00:00,346.0,16.0,,,
2013-06-15 00:00:00,59.0,,,,
2013-06-16 00:00:00,186.0,1.0,,,
2013-06-17 00:00:00,305.0,,,,
2013-06-18 00:00:00,228.0,,,,
2013-06-19 00:00:00,96.0,1.0,,,
2013-06-20 00:00:00,52.0,,,,
2013-06-21 00:00:00,35.0,,,,
2013-06-22 00:00:00,32.0,,,,
2013-06-23 00:00:00,35.0,,,,
2013-06-24 00:00:00,43.0,,,,
2013-06-25 00:00:00,74.0,,,,
2013-06-26 00:00:00,39.0,,,,
2013-06-27 00:00:00,41.0,,,,
2013-06-28 00:00:00,31.0,,,,
2013-06-29 00:00:00,83.0,,,,
2013-06-30 00:00:00,67.0,,,,
2013-07-01 00:00:00,126.0,,,,
2013-07-02 00:00:00,192.0,,,,
2013-07-03 00:00:00,132.0,,,,
2013-07-04 00:00:00,135.0,,,,
2013-07-05 00:00:00,335.0,9.0,,,
2013-07-06 00:00:00,374.0,21.0,,,
2013-07-07 00:00:00,481.0,27.0,,,
2013-07-08 00:00:00,616.0,95.0,,,
2013-07-09 00:00:00,626.0,94.0,,,
2013-07-10 00:00:00,566.0,109.0,,,
2013-07-11 00:00:00,544.0,140.0,,,
2013-07-12 00:00:00,556.0,123.0,,,
2013-07-13 00:00:00,439.0,35.0,,,
2013-07-14 00:00:00,459.0,25.0,,,
2013-07-15 00:00:00,351.0,30.0,,,
2013-07-16 00:00:00,396.0,13.0,,,
2013-07-17 00:00:00,389.0,6.0,,,
2013-07-18 00:00:00,409.0,20.0,,,
2013-07-19 00:00:00,332.0,9.0,,,
2013-07-20 00:00:00,372.0,14.0,,,
2013-07-21 00:00:00,460.0,16.0,,,
2013-07-22 00:00:00,486.0,37.0,,,
2013-07-23 00:00:00,517.0,60.0,,,
2013-07-24 00:00:00,355.0,55.0,,,
2013-07-25 00:00:00,448.0,80.0,,,
2013-07-26 00:00:00,501.0,12.0,,,
2013-07-27 00:00:00,477.0,21.0,,,
2013-07-28 00:00:00,362.0,2.0,,,
2013-07-29 00:00:00,226.0,1.0,,,
2013-07-30 00:00:00,463.0,38.0,,,
2013-07-31 00:00:00,481.0,54.0,,,
2013-08-01 00:00:00,465.0,57.0,,,
2013-08-02 00:00:00,359.0,36.0,,,
2013-08-03 00:00:00,414.0,20.0,,,
2013-08-04 00:00:00,408.0,10.0,,,
2013-08-05 00:00:00,511.0,8.0,,,
2013-08-06 00:00:00,576.0,23.0,,,
2013-08-07 00:00:00,696.0,107.0,,,
2013-08-08 00:00:00,662.0,110.0,,,
2013-08-09 00:00:00,654.0,204.0,,,
2013-08-10 00:00:00,692.0,294.0,,,
2013-08-11 00:00:00,699.0,296.0,,,
2013-08-12 00:00:00,705.0,242.0,,,
2013-08-13 00:00:00,649.0,173.0,,,
2013-08-14 00:00:00,681.0,160.0,,,
2013-08-15 00:00:00,735.0,159.0,,,
2013-08-16 00:00:00,752.0,124.0,,,
2013-08-17 00:00:00,715.0,122.0,,,
2013-08-18 00:00:00,716.0,173.0,,,
2013-08-19 00:00:00,724.0,226.0,,,
2013-08-20 00:00:00,503.0,174.0,,,
2013-08-21 00:00:00,530.0,162.0,,,
2013-08-22 00:00:00,585.0,160.0,,,
2013-08-23 00:00:00,418.0,67.0,,,
2013-08-24 00:00:00,277.0,11.0,,,
2013-08-25 00:00:00,111.0,1.0,,,
2013-08-26 00:00:00,148.0,,,,
2013-08-27 00:00:00,335.0,,,,
2013-08-28 00:00:00,391.0,1.0,,,
2013-08-29 00:00:00,485.0,11.0,,,
2013-08-30 00:00:00,422.0,58.0,,,
2013-08-31 00:00:00,397.0,31.0,,,
2013-09-01 00:00:00,201.0,37.0,,,
2013-09-02 00:00:00,97.0,1.0,,,
2013-09-03 00:00:00,176.0,1.0,,,
2013-09-04 00:00:00,189.0,,,,
2013-09-05 00:00:00,124.0,,,,
2013-09-06 00:00:00,144.0,,,,
2013-09-07 00:00:00,92.0,,,,
2013-09-08 00:00:00,86.0,,,,
2013-09-09 00:00:00,111.0,,,,
2013-09-10 00:00:00,174.0,,,,
2013-09-11 00:00:00,280.0,,,,
2013-09-12 00:00:00,373.0,,,,
2013-09-13 00:00:00,472.0,2.0,,,
2013-09-14 00:00:00,534.0,,,,
2013-09-15 00:00:00,147.0,,,,
2013-09-16 00:00:00,78.0,,,,
2013-09-17 00:00:00,100.0,,,,
2013-09-18 00:00:00,130.0,,,,
2013-09-19 00:00:00,134.0,,,,
2013-09-20 00:00:00,184.0,,,,
2013-09-21 00:00:00,253.0,,,,
2013-09-22 00:00:00,256.0,1.0,,,
2013-09-23 00:00:00,151.0,,,,
2013-09-24 00:00:00,213.0,,,,
2013-09-25 00:00:00,241.0,,,,
2013-09-26 00:00:00,17.0,,,,
2013-09-27 00:00:00,12.0,,,,
2013-09-28 00:00:00,39.0,,,,
2013-09-29 00:00:00,34.0,,,,
2013-09-30 00:00:00,28.0,,,,
2013-10-01 00:00:00,91.0,,,,
2013-10-02 00:00:00,100.0,,,,
2013-10-03 00:00:00,32.0,,,,
2013-10-04 00:00:00,3.0,,,,
2013-10-05 00:00:00,1.0,,,,
2013-10-06 00:00:00,96.0,,,,
2013-10-07 00:00:00,131.0,,,,
2013-10-08 00:00:00,44.0,,,,
2013-10-09 00:00:00,141.0,1.0,,,
2013-10-10 00:00:00,117.0,,,,
2013-10-11 00:00:00,88.0,,,,
2013-10-12 00:00:00,57.0,,,,
2013-10-13 00:00:00,1.0,,,,
2013-10-14 00:00:00,7.0,,,,
2013-10-15 00:00:00,,,,,
2013-10-16 00:00:00,2.0,,,,
2013-10-17 00:00:00,,,,,
2013-10-18 00:00:00,,,,,
2013-10-19 00:00:00,,,,,
2013-10-20 00:00:00,,,,,
2013-10-21 00:00:00,,,,,
2013-10-22 00:00:00,,,,,
2013-10-23 00:00:00,,,,,
2013-10-24 00:00:00,,,,,
2013-10-25 00:00:00,,,,,
2013-10-26 00:00:00,,,,,
2013-10-27 00:00:00,,,,,
2013-10-28 00:00:00,,,,,
2013-10-29 00:00:00,,,,,
2013-10-30 00:00:00,,,,,
2013-10-31 00:00:00,,,,,
2014-05-01 00:00:00,,,,,
2014-05-02 00:00:00,,,,,
2014-05-03 00:00:00,,,,,
2014-05-04 00:00:00,,,,,
2014-05-05 00:00:00,,,,,
2014-05-06 00:00:00,,,,,
2014-05-07 00:00:00,,,,,
2014-05-08 00:00:00,,,,,
2014-05-09 00:00:00,,,,,
2014-05-10 00:00:00,1.0,,,,
2014-05-11 00:00:00,3.0,,,,
2014-05-12 00:00:00,1.0,,,,
2014-05-13 00:00:00,5.0,,,,
2014-05-14 00:00:00,42.0,,,,
2014-05-15 00:00:00,4.0,,,,
2014-05-16 00:00:00,2.0,,,,
2014-05-17 00:00:00,6.0,,,,
2014-05-18 00:00:00,11.0,,,,
2014-05-19 00:00:00,8.0,,,,
2014-05-20 00:00:00,11.0,,,,
2014-05-21 00:00:00,1.0,,,,
2014-05-22 00:00:00,3.0,,,,
2014-05-23 00:00:00,6.0,,,,
2014-05-24 00:00:00,14.0,,,,
2014-05-25 00:00:00,20.0,,,,
2014-05-26 00:00:00,14.0,,,,
2014-05-27 00:00:00,15.0,,,,
2014-05-28 00:00:00,104.0,,,,
2014-05-29 00:00:00,150.0,,,,
2014-05-30 00:00:00,265.0,,,,
2014-05-31 00:00:00,313.0,1.0,,,
2014-06-01 00:00:00,401.0,27.0,,,
2014-06-02 00:00:00,326.0,3.0,,,
2014-06-03 00:00:00,255.0,18.0,,,
2014-06-04 00:00:00,165.0,18.0,,,
2014-06-05 00:00:00,56.0,,,,
2014-06-06 00:00:00,9.0,,,,
2014-06-07 00:00:00,5.0,,,,
2014-06-08 00:00:00,31.0,,,,
2014-06-09 00:00:00,43.0,,,,
2014-06-10 00:00:00,34.0,,,,
2014-06-11 00:00:00,14.0,,,,
2014-06-12 00:00:00,26.0,,,,
2014-06-13 00:00:00,35.0,,,,
2014-06-14 00:00:00,20.0,,,,
2014-06-15 00:00:00,59.0,,,,
2014-06-16 00:00:00,79.0,,,,
2014-06-17 00:00:00,36.0,,,,
2014-06-18 00:00:00,23.0,,,,
2014-06-19 00:00:00,42.0,,,,
2014-06-20 00:00:00,55.0,,,,
2014-06-21 00:00:00,38.0,,,,
2014-06-22 00:00:00,34.0,,,,
2014-06-23 00:00:00,38.0,,,,
2014-06-24 00:00:00,53.0,,,,
2014-06-25 00:00:00,62.0,,,,
2014-06-26 00:00:00,104.0,,,,
2014-06-27 00:00:00,122.0,,,,
2014-06-28 00:00:00,68.0,,,,
2014-06-29 00:00:00,130.0,,,,
2014-06-30 00:00:00,45.0,,,,
2014-07-01 00:00:00,167.0,,,,
2014-07-02 00:00:00,160.0,,,,
2014-07-03 00:00:00,59.0,,,,
2014-07-04 00:00:00,62.0,1.0,,,
2014-07-05 00:00:00,60.0,1.0,,,
2014-07-06 00:00:00,74.0,1.0,,,
2014-07-07 00:00:00,76.0,,,,
2014-07-08 00:00:00,394.0,15.0,,,
2014-07-09 00:00:00,222.0,12.0,,,
2014-07-10 00:00:00,135.0,,,,
2014-07-11 00:00:00,348.0,20.0,,,
2014-07-12 00:00:00,431.0,4.0,,,
2014-07-13 00:00:00,98.0,,,,
2014-07-14 00:00:00,194.0,,,,
2014-07-15 00:00:00,429.0,5.0,,,
2014-07-16 00:00:00,389.0,21.0,,,
2014-07-17 00:00:00,384.0,18.0,,,
2014-07-18 00:00:00,320.0,,,,
2014-07-19 00:00:00,276.0,,,,
2014-07-20 00:00:00,267.0,,,,
2014-07-21 00:00:00,344.0,,,,
2014-07-22 00:00:00,532.0,,,,
2014-07-23 00:00:00,524.0,17.0,,,
2014-07-24 00:00:00,557.0,58.0,,,
2014-07-25 00:00:00,679.0,185.0,,,
2014-07-26 00:00:00,698.0,231.0,,,
2014-07-27 00:00:00,438.0,56.0,,,
2014-07-28 00:00:00,332.0,1.0,,,
2014-07-29 00:00:00,544.0,14.0,,,
2014-07-30 00:00:00,670.0,90.0,,,
2014-07-31 00:00:00,610.0,97.0,,,
2014-08-01 00:00:00,573.0,49.0,,,
2014-08-02 00:00:00,462.0,59.0,,,
2014-08-03 00:00:00,443.0,54.0,,,
2014-08-04 00:00:00,558.0,29.0,,,
2014-08-05 00:00:00,503.0,118.0,,,
2014-08-06 00:00:00,548.0,74.0,,,
2014-08-07 00:00:00,566.0,38.0,,,
2014-08-08 00:00:00,202.0,,,,
2014-08-09 00:00:00,64.0,,,,
2014-08-10 00:00:00,143.0,,,,
2014-08-11 00:00:00,283.0,2.0,,,
2014-08-12 00:00:00,166.0,,,,
2014-08-13 00:00:00,360.0,,,,
2014-08-14 00:00:00,284.0,,,,
2014-08-15 00:00:00,300.0,2.0,,,
2014-08-16 00:00:00,163.0,,,,
2014-08-17 00:00:00,289.0,2.0,,,
2014-08-18 00:00:00,499.0,11.0,,,
2014-08-19 00:00:00,539.0,35.0,,,
2014-08-20 00:00:00,540.0,77.0,,,
2014-08-21 00:00:00,565.0,30.0,,,
2014-08-22 00:00:00,450.0,39.0,,,
2014-08-23 00:00:00,432.0,,,,
2014-08-24 00:00:00,283.0,,,,
2014-08-25 00:00:00,272.0,,,,
2014-08-26 00:00:00,268.0,3.0,,,
2014-08-27 00:00:00,194.0,,,,
2014-08-28 00:00:00,54.0,,,,
2014-08-29 00:00:00,47.0,,,,
2014-08-30 00:00:00,65.0,,,,
2014-08-31 00:00:00,105.0,,,,
2014-09-01 00:00:00,74.0,,,,
2014-09-02 00:00:00,171.0,,,,
2014-09-03 00:00:00,172.0,,,,
2014-09-04 00:00:00,96.0,,,,
2014-09-05 00:00:00,195.0,,,,
2014-09-06 00:00:00,306.0,,,,
2014-09-07 00:00:00,150.0,1.0,,,
2014-09-08 00:00:00,162.0,,,,
2014-09-09 00:00:00,225.0,,,,
2014-09-10 00:00:00,124.0,1.0,,,
2014-09-11 00:00:00,89.0,,,,
2014-09-12 00:00:00,50.0,,,,
2014-09-13 00:00:00,35.0,,,,
2014-09-14 00:00:00,51.0,,,,
2014-09-15 00:00:00,44.0,,,,
2014-09-16 00:00:00,131.0,,,,
2014-09-17 00:00:00,67.0,,,,
2014-09-18 00:00:00,36.0,,,,
2014-09-19 00:00:00,36.0,,,,
2014-09-20 00:00:00,34.0,,,,
2014-09-21 00:00:00,36.0,,,,
2014-09-22 00:00:00,33.0,,,,
2014-09-23 00:00:00,28.0,,,,
2014-09-24 00:00:00,34.0,,,,
2014-09-25 00:00:00,85.0,,,,
2014-09-26 00:00:00,27.0,,,,
2014-09-27 00:00:00,28.0,,,,
2014-09-28 00:00:00,63.0,,,,
2014-09-29 00:00:00,42.0,,,,
2014-09-30 00:00:00,41.0,,,,
2014-10-01 00:00:00,35.0,,,,
2014-10-02 00:00:00,40.0,,,,
2014-10-03 00:00:00,59.0,,,,
2014-10-04 00:00:00,,,,,
2014-10-05 00:00:00,2.0,,,,
2014-10-06 00:00:00,4.0,,,,
2014-10-07 00:00:00,,,,,
2014-10-08 00:00:00,1.0,,,,
2014-10-09 00:00:00,11.0,,,,
2014-10-10 00:00:00,12.0,,,,
2014-10-11 00:00:00,,,,,
2014-10-12 00:00:00,,,,,
2014-10-13 00:00:00,2.0,,,,
2014-10-14 00:00:00,2.0,,,,
2014-10-15 00:00:00,,,,,
2014-10-16 00:00:00,,,,,
2014-10-17 00:00:00,,,,,
2014-10-18 00:00:00,,,,,
2014-10-19 00:00:00,4.0,,,,
2014-10-20 00:00:00,8.0,,,,
2014-10-21 00:00:00,10.0,,,,
2014-10-22 00:00:00,,,,,
2014-10-23 00:00:00,,,,,
2014-10-24 00:00:00,,,,,
2014-10-25 00:00:00,,,,,
2014-10-26 00:00:00,2.0,,,,
2014-10-27 00:00:00,,,,,
2014-10-28 00:00:00,,,,,
2014-10-29 00:00:00,,,,,
2014-10-30 00:00:00,,,,,
2014-10-31 00:00:00,3.0,,,,
2015-05-01 00:00:00,4.0,,,,
2015-05-02 00:00:00,38.0,,,,
2015-05-03 00:00:00,5.0,,,,
2015-05-04 00:00:00,,,,,
2015-05-05 00:00:00,,,,,
2015-05-06 00:00:00,,,,,
2015-05-07 00:00:00,,,,,
2015-05-08 00:00:00,,,,,
2015-05-09 00:00:00,13.0,,,,
2015-05-10 00:00:00,9.0,,,,
2015-05-11 00:00:00,2.0,,,,
2015-05-12 00:00:00,3.0,,,,
2015-05-13 00:00:00,5.0,,,,
2015-05-14 00:00:00,48.0,,,,
2015-05-15 00:00:00,41.0,,,,
2015-05-16 00:00:00,18.0,,,,
2015-05-17 00:00:00,16.0,,,,
2015-05-18 00:00:00,18.0,,,,
2015-05-19 00:00:00,30.0,,,,
2015-05-20 00:00:00,43.0,,,,
2015-05-21 00:00:00,,,,,
2015-05-22 00:00:00,,,,,
2015-05-23 00:00:00,12.0,,,,
2015-05-24 00:00:00,16.0,,,,
2015-05-25 00:00:00,21.0,,,,
2015-05-26 00:00:00,155.0,,,,
2015-05-27 00:00:00,252.0,,,,
2015-05-28 00:00:00,37.0,,,,
2015-05-29 00:00:00,152.0,,,,
2015-05-30 00:00:00,194.0,,,,
2015-05-31 00:00:00,84.0,,,,
2015-06-01 00:00:00,83.0,,,,
2015-06-02 00:00:00,99.0,,,,
2015-06-03 00:00:00,28.0,,,,
2015-06-04 00:00:00,23.0,,,,
2015-06-05 00:00:00,20.0,,,,
2015-06-06 00:00:00,14.0,,,,
2015-06-07 00:00:00,14.0,,,,
2015-06-08 00:00:00,27.0,,,,
2015-06-09 00:00:00,34.0,,,,
2015-06-10 00:00:00,61.0,,,,
2015-06-11 00:00:00,52.0,,,,
2015-06-12 00:00:00,158.0,,,,
2015-06-13 00:00:00,168.0,,,,
2015-06-14 00:00:00,57.0,,,,
2015-06-15 00:00:00,119.0,,,,
2015-06-16 00:00:00,37.0,,,,
2015-06-17 00:00:00,45.0,,,,
2015-06-18 00:00:00,41.0,,,,
2015-06-19 00:00:00,28.0,,,,
2015-06-20 00:00:00,24.0,,,,
2015-06-21 00:00:00,25.0,,,,
2015-06-22 00:00:00,28.0,,,,
2015-06-23 00:00:00,40.0,,,,
2015-06-24 00:00:00,78.0,,,,
2015-06-25 00:00:00,130.0,,,,
2015-06-26 00:00:00,40.0,,,,
2015-06-27 00:00:00,38.0,,,,
2015-06-28 00:00:00,65.0,,,,
2015-06-29 00:00:00,53.0,,,,
2015-06-30 00:00:00,38.0,,,,
2015-07-01 00:00:00,37.0,,,,
2015-07-02 00:00:00,60.0,,,,
2015-07-03 00:00:00,48.0,,,,
2015-07-04 00:00:00,36.0,,,,
2015-07-05 00:00:00,36.0,,,,
2015-07-06 00:00:00,36.0,,,,
2015-07-07 00:00:00,51.0,,,,
2015-07-08 00:00:00,95.0,,,,
2015-07-09 00:00:00,178.0,17.0,,,
2015-07-10 00:00:00,262.0,12.0,,,
2015-07-11 00:00:00,421.0,3.0,,,
2015-07-12 00:00:00,562.0,18.0,,,
2015-07-13 00:00:00,513.0,122.0,,,
2015-07-14 00:00:00,600.0,99.0,,,
2015-07-15 00:00:00,602.0,45.0,,,
2015-07-16 00:00:00,140.0,1.0,,,
2015-07-17 00:00:00,185.0,3.0,,,
2015-07-18 00:00:00,185.0,,,,
2015-07-19 00:00:00,352.0,19.0,,,
2015-07-20 00:00:00,416.0,30.0,,,
2015-07-21 00:00:00,442.0,47.0,,,
2015-07-22 00:00:00,350.0,53.0,,,
2015-07-23 00:00:00,192.0,,,,
2015-07-24 00:00:00,504.0,16.0,,,
2015-07-25 00:00:00,545.0,58.0,,,
2015-07-26 00:00:00,596.0,129.0,,,
2015-07-27 00:00:00,603.0,62.0,,,
2015-07-28 00:00:00,479.0,17.0,,,
2015-07-29 00:00:00,612.0,37.0,,,
2015-07-30 00:00:00,634.0,69.0,,,
2015-07-31 00:00:00,718.0,157.0,,,
2015-08-01 00:00:00,677.0,223.0,,,
2015-08-02 00:00:00,667.0,179.0,,,
2015-08-03 00:00:00,694.0,132.0,,,
2015-08-04 00:00:00,756.0,174.0,,,
2015-08-05 00:00:00,822.0,215.0,,,
2015-08-06 00:00:00,737.0,193.0,,,
2015-08-07 00:00:00,690.0,199.0,,,
2015-08-08 00:00:00,594.0,145.0,,,
2015-08-09 00:00:00,622.0,94.0,,,
2015-08-10 00:00:00,670.0,103.0,,,
2015-08-11 00:00:00,593.0,70.0,,,
2015-08-12 00:00:00,353.0,11.0,,,
2015-08-13 00:00:00,253.0,2.0,,,
2015-08-14 00:00:00,358.0,7.0,,,
2015-08-15 00:00:00,477.0,10.0,,,
2015-08-16 00:00:00,432.0,2.0,,,
2015-08-17 00:00:00,145.0,,,,
2015-08-18 00:00:00,383.0,,,,
2015-08-19 00:00:00,214.0,,,,
2015-08-20 00:00:00,176.0,1.0,,,
2015-08-21 00:00:00,270.0,1.0,,,
2015-08-22 00:00:00,413.0,2.0,,,
2015-08-23 00:00:00,329.0,3.0,,,
2015-08-24 00:00:00,174.0,,,,
2015-08-25 00:00:00,78.0,,,,
2015-08-26 00:00:00,141.0,,,,
2015-08-27 00:00:00,210.0,,,,
2015-08-28 00:00:00,121.0,,,,
2015-08-29 00:00:00,62.0,,,,
2015-08-30 00:00:00,32.0,,,,
2015-08-31 00:00:00,37.0,,,,
2015-09-01 00:00:00,61.0,,,,
2015-09-02 00:00:00,206.0,,,,
2015-09-03 00:00:00,60.0,,,,
2015-09-04 00:00:00,149.0,,,,
2015-09-05 00:00:00,67.0,,,,
2015-09-06 00:00:00,63.0,,,,
2015-09-07 00:00:00,20.0,,,,
2015-09-08 00:00:00,50.0,,,,
2015-09-09 00:00:00,50.0,,,,
2015-09-10 00:00:00,43.0,,,,
2015-09-11 00:00:00,53.0,,,,
2015-09-12 00:00:00,50.0,,,,
2015-09-13 00:00:00,23.0,,,,
2015-09-14 00:00:00,29.0,,,,
2015-09-15 00:00:00,21.0,,,,
2015-09-16 00:00:00,18.0,,,,
2015-09-17 00:00:00,19.0,,,,
2015-09-18 00:00:00,20.0,,,,
2015-09-19 00:00:00,26.0,,,,
2015-09-20 00:00:00,22.0,,,,
2015-09-21 00:00:00,13.0,,,,
2015-09-22 00:00:00,40.0,,,,
2015-09-23 00:00:00,52.0,,,,
2015-09-24 00:00:00,46.0,,,,
2015-09-25 00:00:00,49.0,,,,
2015-09-26 00:00:00,42.0,,,,
2015-09-27 00:00:00,42.0,,,,
2015-09-28 00:00:00,63.0,,,,
2015-09-29 00:00:00,46.0,,,,
2015-09-30 00:00:00,26.0,,,,
2015-10-01 00:00:00,50.0,,,,
2015-10-02 00:00:00,15.0,,,,
2015-10-03 00:00:00,23.0,,,,
2015-10-04 00:00:00,19.0,,,,
2015-10-05 00:00:00,16.0,,,,
2015-10-06 00:00:00,12.0,,,,
2015-10-07 00:00:00,4.0,,,,
2015-10-08 00:00:00,3.0,,,,
2015-10-09 00:00:00,3.0,,,,
2015-10-10 00:00:00,2.0,,,,
2015-10-11 00:00:00,,,,,
2015-10-12 00:00:00,,,,,
2015-10-13 00:00:00,,,,,
2015-10-14 00:00:00,,,,,
2015-10-15 00:00:00,,,,,
2015-10-16 00:00:00,,,,,
2015-10-17 00:00:00,,,,,
2015-10-18 00:00:00,,,,,
2015-10-19 00:00:00,4.0,,,,
2015-10-20 00:00:00,1.0,,,,
2015-10-21 00:00:00,,,,,
2015-10-22 00:00:00,,,,,
2015-10-23 00:00:00,,,,,
2015-10-24 00:00:00,1.0,,,,
2015-10-25 00:00:00,,,,,
2015-10-26 00:00:00,,,,,
2015-10-27 00:00:00,,,,,
2015-10-28 00:00:00,,,,,
2015-10-29 00:00:00,,,,,
2015-10-30 00:00:00,,,,,
2015-10-31 00:00:00,,,,,
2016-05-01 00:00:00,2.0,,,,
2016-05-02 00:00:00,9.0,,,,
2016-05-03 00:00:00,29.0,,,,
2016-05-04 00:00:00,7.0,,,,
2016-05-05 00:00:00,6.0,,,,
2016-05-06 00:00:00,11.0,,,,
2016-05-07 00:00:00,19.0,,,,
2016-05-08 00:00:00,20.0,,,,
2016-05-09 00:00:00,21.0,,,,
2016-05-10 00:00:00,21.0,,,,
2016-05-11 00:00:00,,,,,
2016-05-12 00:00:00,,,,,
2016-05-13 00:00:00,7.0,,,,
2016-05-14 00:00:00,10.0,,,,
2016-05-15 00:00:00,26.0,,,,
2016-05-16 00:00:00,23.0,,,,
2016-05-17 00:00:00,,,,,
2016-05-18 00:00:00,10.0,,,,
2016-05-19 00:00:00,4.0,,,,
2016-05-20 00:00:00,28.0,,,,
2016-05-21 00:00:00,67.0,,,,
2016-05-22 00:00:00,102.0,,,,
2016-05-23 00:00:00,214.0,,,,
2016-05-24 00:00:00,139.0,,,,
2016-05-25 00:00:00,15.0,,,,
2016-05-26 00:00:00,84.0,,,,
2016-05-27 00:00:00,36.0,,,,
2016-05-28 00:00:00,30.0,,,,
2016-05-29 00:00:00,51.0,,,,
2016-05-30 00:00:00,39.0,,,,
2016-05-31 00:00:00,96.0,,,,
2016-06-01 00:00:00,26.0,,,,
2016-06-02 00:00:00,9.0,,,,
2016-06-03 00:00:00,18.0,,,,
2016-06-04 00:00:00,40.0,,,,
2016-06-05 00:00:00,18.0,,,,
2016-06-06 00:00:00,16.0,,,,
2016-06-07 00:00:00,27.0,,,,
2016-06-08 00:00:00,30.0,,,,
2016-06-09 00:00:00,30.0,,,,
2016-06-10 00:00:00,158.0,,,,
2016-06-11 00:00:00,180.0,,,,
2016-06-12 00:00:00,68.0,,,,
2016-06-13 00:00:00,14.0,,,,
2016-06-14 00:00:00,75.0,,,,
2016-06-15 00:00:00,121.0,,,,
2016-06-16 00:00:00,39.0,,,,
2016-06-17 00:00:00,82.0,,,,
2016-06-18 00:00:00,269.0,2.0,,,
2016-06-19 00:00:00,87.0,,,,
2016-06-20 00:00:00,117.0,,,,
2016-06-21 00:00:00,96.0,,,,
2016-06-22 00:00:00,57.0,,,,
2016-06-23 00:00:00,135.0,,,,
2016-06-24 00:00:00,81.0,,,,
2016-06-25 00:00:00,58.0,,,,
2016-06-26 00:00:00,65.0,,,,
2016-06-27 00:00:00,76.0,,,,
2016-06-28 00:00:00,37.0,,,,
2016-06-29 00:00:00,44.0,,,,
2016-06-30 00:00:00,55.0,,,,
2016-07-01 00:00:00,379.0,,,,
2016-07-02 00:00:00,447.0,32.0,,,
2016-07-03 00:00:00,385.0,42.0,,,
2016-07-04 00:00:00,418.0,29.0,,,
2016-07-05 00:00:00,397.0,43.0,,,
2016-07-06 00:00:00,392.0,17.0,,,
2016-07-07 00:00:00,419.0,51.0,,,
2016-07-08 00:00:00,61.0,,,,
2016-07-09 00:00:00,107.0,,,,
2016-07-10 00:00:00,313.0,1.0,,,
2016-07-11 00:00:00,322.0,27.0,,,
2016-07-12 00:00:00,370.0,1.0,,,
2016-07-13 00:00:00,140.0,,,,
2016-07-14 00:00:00,378.0,5.0,,,
2016-07-15 00:00:00,134.0,,,,
2016-07-16 00:00:00,186.0,1.0,,,
2016-07-17 00:00:00,262.0,2.0,,,
2016-07-18 00:00:00,440.0,14.0,,,
2016-07-19 00:00:00,445.0,14.0,,,
2016-07-20 00:00:00,378.0,4.0,,,
2016-07-21 00:00:00,315.0,2.0,,,
2016-07-22 00:00:00,290.0,1.0,,,
2016-07-23 00:00:00,326.0,4.0,,,
2016-07-24 00:00:00,340.0,5.0,,,
2016-07-25 00:00:00,286.0,,,,
2016-07-26 00:00:00,242.0,,,,
2016-07-27 00:00:00,355.0,7.0,,,
2016-07-28 00:00:00,506.0,20.0,,,
2016-07-29 00:00:00,639.0,27.0,,,
2016-07-30 00:00:00,662.0,32.0,,,
2016-07-31 00:00:00,666.0,58.0,,,
2016-08-01 00:00:00,653.0,65.0,,,
2016-08-02 00:00:00,560.0,34.0,,,
2016-08-03 00:00:00,574.0,16.0,,,
2016-08-04 00:00:00,656.0,41.0,,,
2016-08-05 00:00:00,680.0,77.0,,,
2016-08-06 00:00:00,691.0,113.0,,,
2016-08-07 00:00:00,757.0,131.0,,,
2016-08-08 00:00:00,741.0,164.0,,,
2016-08-09 00:00:00,629.0,198.0,,,
2016-08-10 00:00:00,501.0,115.0,,,
2016-08-11 00:00:00,514.0,123.0,,,
2016-08-12 00:00:00,598.0,118.0,,,
2016-08-13 00:00:00,625.0,98.0,,,
2016-08-14 00:00:00,539.0,129.0,,,
2016-08-15 00:00:00,471.0,73.0,,,
2016-08-16 00:00:00,619.0,43.0,,,
2016-08-17 00:00:00,539.0,101.0,,,
2016-08-18 00:00:00,540.0,76.0,,,
2016-08-19 00:00:00,633.0,115.0,,,
2016-08-20 00:00:00,567.0,146.0,,,
2016-08-21 00:00:00,687.0,145.0,,,
2016-08-22 00:00:00,526.0,155.0,,,
2016-08-23 00:00:00,530.0,96.0,,,
2016-08-24 00:00:00,514.0,59.0,,,
2016-08-25 00:00:00,634.0,87.0,,,
2016-08-26 00:00:00,563.0,40.0,,,
2016-08-27 00:00:00,246.0,8.0,,,
2016-08-28 00:00:00,180.0,1.0,,,
2016-08-29 00:00:00,275.0,10.0,,,
2016-08-30 00:00:00,126.0,,,,
2016-08-31 00:00:00,391.0,,,,
2016-09-01 00:00:00,458.0,,,,
2016-09-02 00:00:00,424.0,,,,
2016-09-03 00:00:00,398.0,3.0,,,
2016-09-04 00:00:00,407.0,7.0,,,
2016-09-05 00:00:00,383.0,8.0,,,
2016-09-06 00:00:00,460.0,3.0,,,
2016-09-07 00:00:00,384.0,1.0,,,
2016-09-08 00:00:00,141.0,,,,
2016-09-09 00:00:00,208.0,,,,
2016-09-10 00:00:00,237.0,,,,
2016-09-11 00:00:00,249.0,,,,
2016-09-12 00:00:00,74.0,,,,
2016-09-13 00:00:00,64.0,,,,
2016-09-14 00:00:00,61.0,,,,
2016-09-15 00:00:00,94.0,,,,
2016-09-16 00:00:00,155.0,,,,
2016-09-17 00:00:00,216.0,1.0,,,
2016-09-18 00:00:00,52.0,,,,
2016-09-19 00:00:00,20.0,,,,
2016-09-20 00:00:00,24.0,,,,
2016-09-21 00:00:00,13.0,,,,
2016-09-22 00:00:00,9.0,,,,
2016-09-23 00:00:00,45.0,,,,
2016-09-24 00:00:00,71.0,,,,
2016-09-25 00:00:00,119.0,,,,
2016-09-26 00:00:00,139.0,,,,
2016-09-27 00:00:00,306.0,,,,
2016-09-28 00:00:00,112.0,,,,
2016-09-29 00:00:00,94.0,,,,
2016-09-30 00:00:00,74.0,,,,
2016-10-01 00:00:00,115.0,,,,
2016-10-02 00:00:00,185.0,,,,
2016-10-03 00:00:00,91.0,,,,
2016-10-04 00:00:00,111.0,,,,
2016-10-05 00:00:00,118.0,,,,
2016-10-06 00:00:00,116.0,,,,
2016-10-07 00:00:00,49.0,,,,
2016-10-08 00:00:00,89.0,,,,
2016-10-09 00:00:00,15.0,,,,
2016-10-10 00:00:00,12.0,,,,
2016-10-11 00:00:00,21.0,,,,
2016-10-12 00:00:00,15.0,,,,
2016-10-13 00:00:00,5.0,,,,
2016-10-14 00:00:00,3.0,,,,
2016-10-15 00:00:00,10.0,,,,
2016-10-16 00:00:00,22.0,,,,
2016-10-17 00:00:00,34.0,,,,
2016-10-18 00:00:00,27.0,,,,
2016-10-19 00:00:00,23.0,,,,
2016-10-20 00:00:00,28.0,,,,
2016-10-21 00:00:00,28.0,,,,
2016-10-22 00:00:00,30.0,,,,
2016-10-23 00:00:00,28.0,,,,
2016-10-24 00:00:00,5.0,,,,
2016-10-25 00:00:00,19.0,,,,
2016-10-26 00:00:00,27.0,,,,
2016-10-27 00:00:00,27.0,,,,
2016-10-28 00:00:00,27.0,,,,
2016-10-29 00:00:00,3.0,,,,
2016-10-30 00:00:00,,,,,
2016-10-31 00:00:00,4.0,,,,
2017-05-01 00:00:00,,,,,
2017-05-02 00:00:00,,,,,
2017-05-03 00:00:00,1.0,,,,
2017-05-04 00:00:00,6.0,,,,
2017-05-05 00:00:00,4.0,,,,
2017-05-06 00:00:00,1.0,,,,
2017-05-07 00:00:00,,,,,
2017-05-08 00:00:00,25.0,,,,
2017-05-09 00:00:00,9.0,,,,
2017-05-10 00:00:00,4.0,,,,
2017-05-11 00:00:00,16.0,,,,
2017-05-12 00:00:00,12.0,,,,
2017-05-13 00:00:00,10.0,,,,
2017-05-14 00:00:00,1.0,,,,
2017-05-15 00:00:00,1.0,,,,
2017-05-16 00:00:00,,,,,
2017-05-17 00:00:00,,,,,
2017-05-18 00:00:00,,,,,
2017-05-19 00:00:00,26.0,,,,
2017-05-20 00:00:00,165.0,,,,
2017-05-21 00:00:00,187.0,1.0,,,
2017-05-22 00:00:00,128.0,,,,
2017-05-23 00:00:00,29.0,,,,
2017-05-24 00:00:00,8.0,,,,
2017-05-25 00:00:00,,,,,
2017-05-26 00:00:00,5.0,,,,
2017-05-27 00:00:00,,,,,
2017-05-28 00:00:00,7.0,,,,
2017-05-29 00:00:00,86.0,,,,
2017-05-30 00:00:00,277.0,1.0,,,
2017-05-31 00:00:00,72.0,,,,
2017-06-01 00:00:00,16.0,,,,
2017-06-02 00:00:00,28.0,,,,
2017-06-03 00:00:00,8.0,,,,
2017-06-04 00:00:00,21.0,,,,
2017-06-05 00:00:00,19.0,,,,
2017-06-06 00:00:00,11.0,,,,
2017-06-07 00:00:00,18.0,,,,
2017-06-08 00:00:00,12.0,,,,
2017-06-09 00:00:00,27.0,,,,
2017-06-10 00:00:00,102.0,,,,
2017-06-11 00:00:00,27.0,,,,
2017-06-12 00:00:00,13.0,,,,
2017-06-13 00:00:00,16.0,,,,
2017-06-14 00:00:00,11.0,,,,
2017-06-15 00:00:00,56.0,,,,
2017-06-16 00:00:00,61.0,,,,
2017-06-17 00:00:00,28.0,,,,
2017-06-18 00:00:00,54.0,,,,
2017-06-19 00:00:00,242.0,,,,
2017-06-20 00:00:00,149.0,,,,
2017-06-21 00:00:00,33.0,,,,
2017-06-22 00:00:00,32.0,,,,
2017-06-23 00:00:00,156.0,,,,
2017-06-24 00:00:00,85.0,,,,
2017-06-25 00:00:00,33.0,,,,
2017-06-26 00:00:00,51.0,,,,
2017-06-27 00:00:00,38.0,,,,
2017-06-28 00:00:00,43.0,,,,
2017-06-29 00:00:00,140.0,,,,
2017-06-30 00:00:00,159.0,,,,
2017-07-01 00:00:00,307.0,1.0,,,
2017-07-02 00:00:00,462.0,12.0,,,
2017-07-03 00:00:00,487.0,13.0,,,
2017-07-04 00:00:00,143.0,,,,
2017-07-05 00:00:00,186.0,2.0,,,
2017-07-06 00:00:00,213.0,,,,
2017-07-07 00:00:00,422.0,8.0,,,
2017-07-08 00:00:00,576.0,25.0,,,
2017-07-09 00:00:00,507.0,17.0,,,
2017-07-10 00:00:00,642.0,38.0,,,
2017-07-11 00:00:00,653.0,60.0,,,
2017-07-12 00:00:00,540.0,12.0,,,
2017-07-13 00:00:00,628.0,16.0,,,
2017-07-14 00:00:00,714.0,34.0,,,
2017-07-15 00:00:00,773.0,59.0,,,
2017-07-16 00:00:00,506.0,42.0,,,
2017-07-17 00:00:00,540.0,37.0,,,
2017-07-18 00:00:00,371.0,14.0,,,
2017-07-19 00:00:00,455.0,2.0,,,
2017-07-20 00:00:00,625.0,25.0,,,
2017-07-21 00:00:00,775.0,97.0,,,
2017-07-22 00:00:00,639.0,57.0,,,
2017-07-23 00:00:00,355.0,3.0,,,
2017-07-24 00:00:00,434.0,7.0,,,
2017-07-25 00:00:00,403.0,12.0,,,
2017-07-26 00:00:00,388.0,24.0,,,
2017-07-27 00:00:00,372.0,17.0,,,
2017-07-28 00:00:00,520.0,11.0,,,
2017-07-29 00:00:00,418.0,33.0,,,
2017-07-30 00:00:00,418.0,54.0,,,
2017-07-31 00:00:00,583.0,80.0,,,
2017-08-01 00:00:00,434.0,74.0,,,
2017-08-02 00:00:00,402.0,48.0,,,
2017-08-03 00:00:00,395.0,31.0,,,
2017-08-04 00:00:00,477.0,97.0,,,
2017-08-05 00:00:00,585.0,108.0,,,
2017-08-06 00:00:00,592.0,111.0,,,
2017-08-07 00:00:00,449.0,49.0,,,
2017-08-08 00:00:00,464.0,36.0,,,
2017-08-09 00:00:00,432.0,66.0,,,
2017-08-10 00:00:00,449.0,37.0,,,
2017-08-11 00:00:00,403.0,18.0,,,
2017-08-12 00:00:00,329.0,8.0,,,
2017-08-13 00:00:00,410.0,1.0,,,
2017-08-14 00:00:00,220.0,,,,
2017-08-15 00:00:00,157.0,,,,
2017-08-16 00:00:00,278.0,6.0,,,
2017-08-17 00:00:00,430.0,8.0,,,
2017-08-18 00:00:00,363.0,5.0,,,
2017-08-19 00:00:00,450.0,4.0,,,
2017-08-20 00:00:00,406.0,16.0,,,
2017-08-21 00:00:00,469.0,20.0,,,
2017-08-22 00:00:00,561.0,30.0,,,
2017-08-23 00:00:00,555.0,67.0,,,
2017-08-24 00:00:00,589.0,152.0,,,
2017-08-25 00:00:00,552.0,72.0,,,
2017-08-26 00:00:00,367.0,18.0,,,
2017-08-27 00:00:00,369.0,,,,
2017-08-28 00:00:00,464.0,,,,
2017-08-29 00:00:00,554.0,17.0,,,
2017-08-30 00:00:00,372.0,12.0,,,
2017-08-31 00:00:00,282.0,4.0,,,
2017-09-01 00:00:00,198.0,,,,
2017-09-02 00:00:00,132.0,,,,
2017-09-03 00:00:00,151.0,,,,
2017-09-04 00:00:00,31.0,,,,
2017-09-05 00:00:00,79.0,,,,
2017-09-06 00:00:00,144.0,1.0,,,
2017-09-07 00:00:00,130.0,,,,
2017-09-08 00:00:00,180.0,,,,
2017-09-09 00:00:00,183.0,,,,
2017-09-10 00:00:00,300.0,,,,
2017-09-11 00:00:00,151.0,,,,
2017-09-12 00:00:00,64.0,,,,
2017-09-13 00:00:00,170.0,,,,
2017-09-14 00:00:00,70.0,,,,
2017-09-15 00:00:00,33.0,,,,
2017-09-16 00:00:00,26.0,,,,
2017-09-17 00:00:00,14.0,,,,
2017-09-18 00:00:00,130.0,,,,
2017-09-19 00:00:00,40.0,,,,
2017-09-20 00:00:00,37.0,,,,
2017-09-21 00:00:00,38.0,,,,
2017-09-22 00:00:00,37.0,,,,
2017-09-23 00:00:00,39.0,,,,
2017-09-24 00:00:00,36.0,,,,
2017-09-25 00:00:00,38.0,,,,
2017-09-26 00:00:00,80.0,,,,
2017-09-27 00:00:00,37.0,,,,
2017-09-28 00:00:00,37.0,,,,
2017-09-29 00:00:00,32.0,,,,
2017-09-30 00:00:00,27.0,,,,
2017-10-01 00:00:00,30.0,,,,
2017-10-02 00:00:00,36.0,,,,
2017-10-03 00:00:00,49.0,,,,
2017-10-04 00:00:00,33.0,,,,
2017-10-05 00:00:00,26.0,,,,
2017-10-06 00:00:00,43.0,,,,
2017-10-07 00:00:00,40.0,,,,
2017-10-08 00:00:00,57.0,,,,
2017-10-09 00:00:00,63.0,,,,
2017-10-10 00:00:00,78.0,,,,
2017-10-11 00:00:00,65.0,,,,
2017-10-12 00:00:00,49.0,,,,
2017-10-13 00:00:00,26.0,,,,
2017-10-14 00:00:00,25.0,,,,
2017-10-15 00:00:00,32.0,,,,
2017-10-16 00:00:00,32.0,,,,
2017-10-17 00:00:00,32.0,,,,
2017-10-18 00:00:00,30.0,,,,
2017-10-19 00:00:00,20.0,,,,
2017-10-20 00:00:00,9.0,,,,
2017-10-21 00:00:00,2.0,,,,
2017-10-22 00:00:00,,,,,
2017-10-23 00:00:00,,,,,
2017-10-24 00:00:00,,,,,
2017-10-25 00:00:00,,,,,
2017-10-26 00:00:00,,,,,
2017-10-27 00:00:00,,,,,
2017-10-28 00:00:00,,,,,
2017-10-29 00:00:00,1.0,,,,
2017-10-30 00:00:00,,,,,
2017-10-31 00:00:00,,,,,
2018-05-01 00:00:00,13.0,,,,
2018-05-02 00:00:00,3.0,,,,
2018-05-03 00:00:00,,,,,
2018-05-04 00:00:00,,,,,
2018-05-05 00:00:00,,,,,
2018-05-06 00:00:00,2.0,,,,
2018-05-07 00:00:00,7.0,,,,
2018-05-08 00:00:00,2.0,,,,
2018-05-09 00:00:00,,,,,
2018-05-10 00:00:00,,,,,
2018-05-11 00:00:00,,,,,
2018-05-12 00:00:00,,,,,
2018-05-13 00:00:00,8.0,,,,
2018-05-14 00:00:00,16.0,,,,
2018-05-15 00:00:00,80.0,,,,
2018-05-16 00:00:00,188.0,,,,
2018-05-17 00:00:00,107.0,,,,
2018-05-18 00:00:00,111.0,,,,
2018-05-19 00:00:00,20.0,,,,
2018-05-20 00:00:00,16.0,,,,
2018-05-21 00:00:00,11.0,,,,
2018-05-22 00:00:00,14.0,,,,
2018-05-23 00:00:00,16.0,,,,
2018-05-24 00:00:00,16.0,,,,
2018-05-25 00:00:00,102.0,,,,
2018-05-26 00:00:00,26.0,,,,
2018-05-27 00:00:00,48.0,,,,
2018-05-28 00:00:00,23.0,,,,
2018-05-29 00:00:00,35.0,,,,
2018-05-30 00:00:00,38.0,,,,
2018-05-31 00:00:00,29.0,,,,
2018-06-01 00:00:00,11.0,,,,
2018-06-02 00:00:00,31.0,,,,
2018-06-03 00:00:00,56.0,,,,
2018-06-04 00:00:00,178.0,,,,
2018-06-05 00:00:00,41.0,,,,
2018-06-06 00:00:00,26.0,,,,
2018-06-07 00:00:00,101.0,,,,
2018-06-08 00:00:00,99.0,,,,
2018-06-09 00:00:00,182.0,,,,
2018-06-10 00:00:00,33.0,,,,
2018-06-11 00:00:00,34.0,,,,
2018-06-12 00:00:00,22.0,,,,
2018-06-13 00:00:00,14.0,,,,
2018-06-14 00:00:00,11.0,,,,
2018-06-15 00:00:00,6.0,,,,
2018-06-16 00:00:00,24.0,,,,
2018-06-17 00:00:00,53.0,,,,
2018-06-18 00:00:00,26.0,,,,
2018-06-19 00:00:00,58.0,,,,
2018-06-20 00:00:00,26.0,,,,
2018-06-21 00:00:00,40.0,,,,
2018-06-22 00:00:00,145.0,,,,
2018-06-23 00:00:00,47.0,,,,
2018-06-24 00:00:00,131.0,,,,
2018-06-25 00:00:00,384.0,10.0,,,
2018-06-26 00:00:00,313.0,,,,
2018-06-27 00:00:00,317.0,8.0,,,
2018-06-28 00:00:00,301.0,2.0,,,
2018-06-29 00:00:00,318.0,32.0,,,
2018-06-30 00:00:00,397.0,26.0,,,
2018-07-01 00:00:00,535.0,36.0,,,
2018-07-02 00:00:00,533.0,61.0,,,
2018-07-03 00:00:00,371.0,23.0,,,
2018-07-04 00:00:00,240.0,1.0,,,
2018-07-05 00:00:00,17.0,,,,
2018-07-06 00:00:00,14.0,,,,
2018-07-07 00:00:00,47.0,,,,
2018-07-08 00:00:00,197.0,,,,
2018-07-09 00:00:00,515.0,5.0,,,
2018-07-10 00:00:00,544.0,32.0,,,
2018-07-11 00:00:00,486.0,30.0,,,
2018-07-12 00:00:00,383.0,20.0,,,
2018-07-13 00:00:00,543.0,48.0,,,
2018-07-14 00:00:00,613.0,161.0,,,
2018-07-15 00:00:00,671.0,200.0,,,
2018-07-16 00:00:00,646.0,186.0,,,
2018-07-17 00:00:00,627.0,149.0,,,
2018-07-18 00:00:00,640.0,190.0,,,
2018-07-19 00:00:00,656.0,206.0,,,
2018-07-20 00:00:00,705.0,201.0,,,
2018-07-21 00:00:00,687.0,179.0,,,
2018-07-22 00:00:00,667.0,237.0,,,
2018-07-23 00:00:00,627.0,241.0,,,
2018-07-24 00:00:00,630.0,211.0,,,
2018-07-25 00:00:00,684.0,170.0,,,
2018-07-26 00:00:00,645.0,153.0,,,
2018-07-27 00:00:00,597.0,59.0,,,
2018-07-28 00:00:00,518.0,40.0,,,
2018-07-29 00:00:00,514.0,77.0,,,
2018-07-30 00:00:00,686.0,97.0,,,
2018-07-31 00:00:00,754.0,114.0,,,
2018-08-01 00:00:00,756.0,200.0,,,
2018-08-02 00:00:00,697.0,194.0,,,
2018-08-03 00:00:00,706.0,198.0,,,
2018-08-04 00:00:00,658.0,201.0,,,
2018-08-05 00:00:00,640.0,256.0,,,
2018-08-06 00:00:00,535.0,177.0,,,
2018-08-07 00:00:00,396.0,80.0,,,
2018-08-08 00:00:00,433.0,75.0,,,
2018-08-09 00:00:00,512.0,57.0,,,
2018-08-10 00:00:00,611.0,81.0,,,
2018-08-11 00:00:00,513.0,92.0,,,
2018-08-12 00:00:00,541.0,121.0,,,
2018-08-13 00:00:00,581.0,155.0,,,
2018-08-14 00:00:00,674.0,187.0,,,
2018-08-15 00:00:00,484.0,48.0,,,
2018-08-16 00:00:00,332.0,3.0,,,
2018-08-17 00:00:00,224.0,,,,
2018-08-18 00:00:00,180.0,,,,
2018-08-19 00:00:00,254.0,6.0,,,
2018-08-20 00:00:00,339.0,6.0,,,
2018-08-21 00:00:00,610.0,127.0,,,
2018-08-22 00:00:00,702.0,237.0,,,
2018-08-23 00:00:00,652.0,186.0,,,
2018-08-24 00:00:00,491.0,72.0,,,
2018-08-25 00:00:00,618.0,118.0,,,
2018-08-26 00:00:00,574.0,160.0,,,
2018-08-27 00:00:00,522.0,95.0,,,
2018-08-28 00:00:00,378.0,29.0,,,
2018-08-29 00:00:00,436.0,46.0,,,
2018-08-30 00:00:00,492.0,20.0,,,
2018-08-31 00:00:00,465.0,47.0,,,
2018-09-01 00:00:00,100.0,,,,
2018-09-02 00:00:00,189.0,,,,
2018-09-03 00:00:00,373.0,2.0,,,
2018-09-04 00:00:00,278.0,2.0,,,
2018-09-05 00:00:00,429.0,,,,
2018-09-06 00:00:00,276.0,,,,
2018-09-07 00:00:00,226.0,,,,
2018-09-08 00:00:00,102.0,,,,
2018-09-09 00:00:00,124.0,,,,
2018-09-10 00:00:00,52.0,,,,
2018-09-11 00:00:00,38.0,,,,
2018-09-12 00:00:00,36.0,,,,
2018-09-13 00:00:00,75.0,,,,
2018-09-14 00:00:00,66.0,,,,
2018-09-15 00:00:00,115.0,,,,
2018-09-16 00:00:00,223.0,,,,
2018-09-17 00:00:00,227.0,,,,
2018-09-18 00:00:00,142.0,,,,
2018-09-19 00:00:00,126.0,,,,
2018-09-20 00:00:00,41.0,,,,
2018-09-21 00:00:00,46.0,,,,
2018-09-22 00:00:00,90.0,,,,
2018-09-23 00:00:00,72.0,,,,
2018-09-24 00:00:00,52.0,,,,
2018-09-25 00:00:00,13.0,,,,
2018-09-26 00:00:00,19.0,,,,
2018-09-27 00:00:00,16.0,,,,
2018-09-28 00:00:00,6.0,,,,
2018-09-29 00:00:00,4.0,,,,
2018-09-30 00:00:00,3.0,,,,
2018-10-01 00:00:00,71.0,,,,
2018-10-02 00:00:00,1.0,,,,
2018-10-03 00:00:00,3.0,,,,
2018-10-04 00:00:00,2.0,,,,
2018-10-05 00:00:00,35.0,,,,
2018-10-06 00:00:00,188.0,4.0,,,
2018-10-07 00:00:00,88.0,,,,
2018-10-08 00:00:00,1.0,,,,
2018-10-09 00:00:00,1.0,,,,
2018-10-10 00:00:00,1.0,,,,
2018-10-11 00:00:00,1.0,,,,
2018-10-12 00:00:00,1.0,,,,
2018-10-13 00:00:00,1.0,,,,
2018-10-14 00:00:00,1.0,,,,
2018-10-15 00:00:00,1.0,,,,
2018-10-16 00:00:00,1.0,,,,
2018-10-17 00:00:00,1.0,,,,
2018-10-18 00:00:00,1.0,,,,
2018-10-19 00:00:00,1.0,,,,
2018-10-20 00:00:00,,,,,
2018-10-21 00:00:00,,,,,
2018-10-22 00:00:00,,,,,
2018-10-23 00:00:00,,,,,
2018-10-24 00:00:00,,,,,
2018-10-25 00:00:00,,,,,
2018-10-26 00:00:00,,,,,
2018-10-27 00:00:00,,,,,
2018-10-28 00:00:00,1.0,,,,
2018-10-29 00:00:00,,,,,
2018-10-30 00:00:00,,,,,
2018-10-31 00:00:00,,,,,
2019-05-01 00:00:00,,,,,
2019-05-02 00:00:00,,,,,
2019-05-03 00:00:00,,,,,
2019-05-04 00:00:00,,,,,
2019-05-05 00:00:00,,,,,
2019-05-06 00:00:00,,,,,
2019-05-07 00:00:00,,,,,
2019-05-08 00:00:00,,,,,
2019-05-09 00:00:00,,,,,
2019-05-10 00:00:00,1.0,,,,
2019-05-11 00:00:00,10.0,,,,
2019-05-12 00:00:00,15.0,,,,
2019-05-13 00:00:00,6.0,,,,
2019-05-14 00:00:00,8.0,,,,
2019-05-15 00:00:00,7.0,,,,
2019-05-16 00:00:00,16.0,,,,
2019-05-17 00:00:00,8.0,,,,
2019-05-18 00:00:00,18.0,,,,
2019-05-19 00:00:00,20.0,,,,
2019-05-20 00:00:00,20.0,,,,
2019-05-21 00:00:00,,,,,
2019-05-22 00:00:00,1.0,,,,
2019-05-23 00:00:00,24.0,,,,
2019-05-24 00:00:00,174.0,,,,
2019-05-25 00:00:00,425.0,1.0,,,
2019-05-26 00:00:00,566.0,53.0,,,
2019-05-27 00:00:00,423.0,23.0,,,
2019-05-28 00:00:00,8.0,,,,
2019-05-29 00:00:00,,,,,
2019-05-30 00:00:00,15.0,,,,
2019-05-31 00:00:00,10.0,,,,
2019-06-01 00:00:00,4.0,,,,
2019-06-02 00:00:00,15.0,,,,
2019-06-03 00:00:00,38.0,,,,
2019-06-04 00:00:00,100.0,,,,
2019-06-05 00:00:00,136.0,,,,
2019-06-06 00:00:00,280.0,1.0,,,
2019-06-07 00:00:00,37.0,,,,
2019-06-08 00:00:00,20.0,,,,
2019-06-09 00:00:00,17.0,,,,
2019-06-10 00:00:00,3.0,,,,
2019-06-11 00:00:00,,,,,
2019-06-12 00:00:00,2.0,,,,
2019-06-13 00:00:00,39.0,,,,
2019-06-14 00:00:00,19.0,,,,
2019-06-15 00:00:00,1.0,,,,
2019-06-16 00:00:00,29.0,,,,
2019-06-17 00:00:00,9.0,,,,
2019-06-18 00:00:00,9.0,,,,
2019-06-19 00:00:00,52.0,,,,
2019-06-20 00:00:00,174.0,,,,
2019-06-21 00:00:00,127.0,,,,
2019-06-22 00:00:00,63.0,,,,
2019-06-23 00:00:00,10.0,,,,
2019-06-24 00:00:00,21.0,,,,
2019-06-25 00:00:00,125.0,,,,
2019-06-26 00:00:00,154.0,,,,
2019-06-27 00:00:00,74.0,,,,
2019-06-28 00:00:00,158.0,1.0,,,
2019-06-29 00:00:00,111.0,,,,
2019-06-30 00:00:00,61.0,,,,
2019-07-01 00:00:00,48.0,,,,
2019-07-02 00:00:00,52.0,,,,
2019-07-03 00:00:00,47.0,,,,
2019-07-04 00:00:00,70.0,,,,
2019-07-05 00:00:00,36.0,,,,
2019-07-06 00:00:00,125.0,,,,
2019-07-07 00:00:00,143.0,,,,
2019-07-08 00:00:00,80.0,,,,
2019-07-09 00:00:00,57.0,,,,
2019-07-10 00:00:00,60.0,,,,
2019-07-11 00:00:00,88.0,,,,
2019-07-12 00:00:00,104.0,,,,
2019-07-13 00:00:00,44.0,,,,
2019-07-14 00:00:00,36.0,,,,
2019-07-15 00:00:00,105.0,,,,
2019-07-16 00:00:00,165.0,,,,
2019-07-17 00:00:00,276.0,,,,
2019-07-18 00:00:00,84.0,,,,
2019-07-19 00:00:00,103.0,,,,
2019-07-20 00:00:00,112.0,,,,
2019-07-21 00:00:00,173.0,1.0,,,
2019-07-22 00:00:00,178.0,,,,
2019-07-23 00:00:00,324.0,,,,
2019-07-24 00:00:00,509.0,8.0,,,
2019-07-25 00:00:00,643.0,10.0,,,
2019-07-26 00:00:00,652.0,36.0,,,
2019-07-27 00:00:00,553.0,20.0,,,
2019-07-28 00:00:00,704.0,22.0,,,
2019-07-29 00:00:00,728.0,70.0,,,
2019-07-30 00:00:00,777.0,88.0,,,
2019-07-31 00:00:00,777.0,147.0,,,
2019-08-01 00:00:00,802.0,184.0,,,
2019-08-02 00:00:00,824.0,236.0,,,
2019-08-03 00:00:00,800.0,159.0,,,
2019-08-04 00:00:00,729.0,123.0,,,
2019-08-05 00:00:00,757.0,186.0,,,
2019-08-06 00:00:00,671.0,130.0,,,
2019-08-07 00:00:00,715.0,194.0,,,
2019-08-08 00:00:00,698.0,198.0,,,
2019-08-09 00:00:00,673.0,137.0,,,
2019-08-10 00:00:00,595.0,126.0,,,
2019-08-11 00:00:00,586.0,110.0,,,
2019-08-12 00:00:00,640.0,145.0,,,
2019-08-13 00:00:00,669.0,230.0,,,
2019-08-14 00:00:00,505.0,98.0,,,
2019-08-15 00:00:00,419.0,78.0,,,
2019-08-16 00:00:00,572.0,15.0,,,
2019-08-17 00:00:00,665.0,63.0,,,
2019-08-18 00:00:00,577.0,56.0,,,
2019-08-19 00:00:00,351.0,12.0,,,
2019-08-20 00:00:00,261.0,1.0,,,
2019-08-21 00:00:00,435.0,4.0,,,
2019-08-22 00:00:00,367.0,7.0,,,
2019-08-23 00:00:00,192.0,,,,
2019-08-24 00:00:00,229.0,,,,
2019-08-25 00:00:00,181.0,,,,
2019-08-26 00:00:00,184.0,,,,
2019-08-27 00:00:00,65.0,,,,
2019-08-28 00:00:00,92.0,,,,
2019-08-29 00:00:00,326.0,2.0,,,
2019-08-30 00:00:00,85.0,,,,
2019-08-31 00:00:00,232.0,,,,
2019-09-01 00:00:00,194.0,,,,
2019-09-02 00:00:00,274.0,,,,
2019-09-03 00:00:00,388.0,2.0,,,
2019-09-04 00:00:00,315.0,,,,
2019-09-05 00:00:00,307.0,,,,
2019-09-06 00:00:00,585.0,14.0,,,
2019-09-07 00:00:00,576.0,34.0,,,
2019-09-08 00:00:00,732.0,62.0,,,
2019-09-09 00:00:00,681.0,67.0,,,
2019-09-10 00:00:00,681.0,79.0,,,
2019-09-11 00:00:00,500.0,21.0,,,
2019-09-12 00:00:00,245.0,1.0,,,
2019-09-13 00:00:00,121.0,,,,
2019-09-14 00:00:00,258.0,,,,
2019-09-15 00:00:00,396.0,,,,
2019-09-16 00:00:00,259.0,7.0,,,
2019-09-17 00:00:00,293.0,,,,
2019-09-18 00:00:00,159.0,,,,
2019-09-19 00:00:00,46.0,,,,
2019-09-20 00:00:00,26.0,,,,
2019-09-21 00:00:00,15.0,,,,
2019-09-22 00:00:00,23.0,,,,
2019-09-23 00:00:00,240.0,5.0,,,
2019-09-24 00:00:00,27.0,,,,
2019-09-25 00:00:00,24.0,,,,
2019-09-26 00:00:00,67.0,,,,
2019-09-27 00:00:00,107.0,,,,
2019-09-28 00:00:00,94.0,,,,
2019-09-29 00:00:00,130.0,,,,
2019-09-30 00:00:00,207.0,,,,
2019-10-01 00:00:00,145.0,,,,
2019-10-02 00:00:00,117.0,,,,
2019-10-03 00:00:00,103.0,,,,
2019-10-04 00:00:00,49.0,,,,
2019-10-05 00:00:00,74.0,,,,
2019-10-06 00:00:00,14.0,,,,
2019-10-07 00:00:00,14.0,,,,
2019-10-08 00:00:00,8.0,,,,
2019-10-09 00:00:00,1.0,,,,
2019-10-10 00:00:00,1.0,,,,
2019-10-11 00:00:00,29.0,,,,
2019-10-12 00:00:00,14.0,,,,
2019-10-13 00:00:00,17.0,,,,
2019-10-14 00:00:00,4.0,,,,
2019-10-15 00:00:00,3.0,,,,
2019-10-16 00:00:00,3.0,,,,
2019-10-17 00:00:00,5.0,,,,
2019-10-18 00:00:00,5.0,,,,
2019-10-19 00:00:00,8.0,,,,
2019-10-20 00:00:00,2.0,,,,
2019-10-21 00:00:00,,,,,
2019-10-22 00:00:00,1.0,,,,
2019-10-23 00:00:00,2.0,,,,
2019-10-24 00:00:00,,,,,
2019-10-25 00:00:00,,,,,
2019-10-26 00:00:00,,,,,
2019-10-27 00:00:00,,,,,
2019-10-28 00:00:00,,,,,
2019-10-29 00:00:00,,,,,
2019-10-30 00:00:00,1.0,,,,
2019-10-31 00:00:00,,,,,
2020-05-01 00:00:00,0.0,0.0,,,
2020-05-02 00:00:00,91.0,0.0,,,
2020-05-03 00:00:00,43.0,0.0,,,
2020-05-04 00:00:00,0.0,0.0,,,
2020-05-05 00:00:00,23.0,0.0,,,
2020-05-06 00:00:00,5.0,0.0,,,
2020-05-07 00:00:00,2.0,0.0,,,
2020-05-08 00:00:00,1.0,0.0,,,
2020-05-09 00:00:00,2.0,0.0,,,
2020-05-10 00:00:00,12.0,0.0,,,
2020-05-11 00:00:00,52.0,0.0,,,
2020-05-12 00:00:00,5.0,0.0,,,
2020-05-13 00:00:00,8.0,0.0,,,
2020-05-14 00:00:00,4.0,0.0,,,
2020-05-15 00:00:00,9.0,0.0,,,
2020-05-16 00:00:00,10.0,0.0,,,
2020-05-17 00:00:00,22.0,0.0,,,
2020-05-18 00:00:00,9.0,0.0,,,
2020-05-19 00:00:00,0.0,0.0,,,
2020-05-20 00:00:00,0.0,0.0,,,
2020-05-21 00:00:00,1.0,0.0,,,
2020-05-22 00:00:00,0.0,0.0,,,
2020-05-23 00:00:00,4.0,0.0,,,
2020-05-24 00:00:00,33.0,0.0,,,
2020-05-25 00:00:00,1.0,0.0,,,
2020-05-26 00:00:00,9.0,0.0,,,
2020-05-27 00:00:00,4.0,0.0,,,
2020-05-28 00:00:00,4.0,0.0,,,
2020-05-29 00:00:00,10.0,0.0,,,
2020-05-30 00:00:00,56.0,0.0,,,
2020-05-31 00:00:00,51.0,0.0,,,
2020-06-01 00:00:00,16.0,0.0,,,
2020-06-02 00:00:00,64.0,0.0,,,
2020-06-03 00:00:00,39.0,0.0,,,
2020-06-04 00:00:00,170.0,0.0,,,
2020-06-05 00:00:00,297.0,0.0,,,
2020-06-06 00:00:00,44.0,0.0,,,
2020-06-07 00:00:00,109.0,0.0,,,
2020-06-08 00:00:00,191.0,2.0,,,
2020-06-09 00:00:00,323.0,6.0,,,
2020-06-10 00:00:00,354.0,10.0,,,
2020-06-11 00:00:00,100.0,0.0,,,
2020-06-12 00:00:00,147.0,0.0,,,
2020-06-13 00:00:00,80.0,0.0,,,
2020-06-14 00:00:00,124.0,0.0,,,
2020-06-15 00:00:00,237.0,2.0,,,
2020-06-16 00:00:00,207.0,0.0,,,
2020-06-17 00:00:00,92.0,0.0,,,
2020-06-18 00:00:00,40.0,0.0,,,
2020-06-19 00:00:00,34.0,0.0,,,
2020-06-20 00:00:00,33.0,0.0,,,
2020-06-21 00:00:00,33.0,0.0,,,
2020-06-22 00:00:00,122.0,0.0,,,
2020-06-23 00:00:00,250.0,2.0,,,
2020-06-24 00:00:00,251.0,1.0,,,
2020-06-25 00:00:00,126.0,0.0,,,
2020-06-26 00:00:00,220.0,2.0,,,
2020-06-27 00:00:00,147.0,0.0,,,
2020-06-28 00:00:00,106.0,0.0,,,
2020-06-29 00:00:00,135.0,0.0,,,
2020-06-30 00:00:00,57.0,0.0,,,
2020-07-01 00:00:00,54.0,0.0,,,
2020-07-02 00:00:00,111.0,0.0,,,
2020-07-03 00:00:00,25.0,0.0,,,
2020-07-04 00:00:00,45.0,0.0,,,
2020-07-05 00:00:00,51.0,0.0,,,
2020-07-06 00:00:00,40.0,0.0,,,
2020-07-07 00:00:00,57.0,0.0,,,
2020-07-08 00:00:00,64.0,0.0,,,
2020-07-09 00:00:00,57.0,0.0,,,
2020-07-10 00:00:00,62.0,0.0,,,
2020-07-11 00:00:00,134.0,0.0,,,
2020-07-12 00:00:00,140.0,0.0,,,
2020-07-13 00:00:00,59.0,0.0,,,
2020-07-14 00:00:00,36.0,0.0,,,
2020-07-15 00:00:00,32.0,0.0,,,
2020-07-16 00:00:00,42.0,1.0,,,
2020-07-17 00:00:00,45.0,0.0,,,
2020-07-18 00:00:00,175.0,0.0,,,
2020-07-19 00:00:00,383.0,1.0,,,
2020-07-20 00:00:00,529.0,12.0,,,
2020-07-21 00:00:00,425.0,26.0,,,
2020-07-22 00:00:00,331.0,2.0,,,
2020-07-23 00:00:00,151.0,2.0,,,
2020-07-24 00:00:00,67.0,1.0,,,
2020-07-25 00:00:00,73.0,0.0,,,
2020-07-26 00:00:00,128.0,1.0,,,
2020-07-27 00:00:00,106.0,0.0,,,
2020-07-28 00:00:00,222.0,0.0,,,
2020-07-29 00:00:00,281.0,2.0,,,
2020-07-30 00:00:00,333.0,8.0,,,
2020-07-31 00:00:00,412.0,15.0,,,
2020-08-01 00:00:00,484.0,6.0,,,
2020-08-02 00:00:00,530.0,11.0,,,
2020-08-03 00:00:00,560.0,2.0,,,
2020-08-04 00:00:00,678.0,34.0,,,
2020-08-05 00:00:00,710.0,67.0,,,
2020-08-06 00:00:00,660.0,61.0,,,
2020-08-07 00:00:00,479.0,30.0,,,
2020-08-08 00:00:00,434.0,16.0,,,
2020-08-09 00:00:00,516.0,86.0,,,
2020-08-10 00:00:00,660.0,177.0,,,
2020-08-11 00:00:00,777.0,230.0,,,
2020-08-12 00:00:00,718.0,144.0,,,
2020-08-13 00:00:00,625.0,138.0,,,
2020-08-14 00:00:00,612.0,202.0,,,
2020-08-15 00:00:00,657.0,278.0,,,
2020-08-16 00:00:00,670.0,245.0,,,
2020-08-17 00:00:00,656.0,269.0,,,
2020-08-18 00:00:00,586.0,212.0,,,
2020-08-19 00:00:00,767.0,197.0,,,
2020-08-20 00:00:00,739.0,263.0,,,
2020-08-21 00:00:00,659.0,249.0,,,
2020-08-22 00:00:00,555.0,116.0,,,
2020-08-23 00:00:00,519.0,16.0,,,
2020-08-24 00:00:00,611.0,75.0,,,
2020-08-25 00:00:00,660.0,132.0,,,
2020-08-26 00:00:00,698.0,131.0,,,
2020-08-27 00:00:00,700.0,108.0,,,
2020-08-28 00:00:00,765.0,125.0,,,
2020-08-29 00:00:00,768.0,245.0,,,
2020-08-30 00:00:00,628.0,197.0,,,
2020-08-31 00:00:00,492.0,129.0,,,
2020-09-01 00:00:00,426.0,74.0,,,
2020-09-02 00:00:00,523.0,84.0,,,
2020-09-03 00:00:00,608.0,112.0,,,
2020-09-04 00:00:00,478.0,31.0,,,
2020-09-05 00:00:00,524.0,35.0,,,
2020-09-06 00:00:00,399.0,14.0,,,
2020-09-07 00:00:00,546.0,46.0,,,
2020-09-08 00:00:00,704.0,83.0,,,
2020-09-09 00:00:00,441.0,5.0,,,
2020-09-10 00:00:00,205.0,0.0,,,
2020-09-11 00:00:00,298.0,0.0,,,
2020-09-12 00:00:00,212.0,0.0,,,
2020-09-13 00:00:00,75.0,0.0,,,
2020-09-14 00:00:00,63.0,0.0,,,
2020-09-15 00:00:00,71.0,0.0,,,
2020-09-16 00:00:00,55.0,0.0,,,
2020-09-17 00:00:00,113.0,0.0,,,
2020-09-18 00:00:00,198.0,1.0,,,
2020-09-19 00:00:00,51.0,0.0,,,
2020-09-20 00:00:00,16.0,0.0,,,
2020-09-21 00:00:00,19.0,0.0,,,
2020-09-22 00:00:00,25.0,0.0,,,
2020-09-23 00:00:00,66.0,0.0,,,
2020-09-24 00:00:00,46.0,0.0,,,
2020-09-25 00:00:00,20.0,0.0,,,
2020-09-26 00:00:00,11.0,0.0,,,
2020-09-27 00:00:00,2.0,0.0,,,
2020-09-28 00:00:00,1.0,0.0,,,
2020-09-29 00:00:00,5.0,0.0,,,
2020-09-30 00:00:00,4.0,0.0,,,
2020-10-01 00:00:00,7.0,0.0,,,
2020-10-02 00:00:00,21.0,0.0,,,
2020-10-03 00:00:00,21.0,0.0,,,
2020-10-04 00:00:00,26.0,0.0,,,
2020-10-05 00:00:00,19.0,0.0,,,
2020-10-06 00:00:00,2.0,0.0,,,
2020-10-07 00:00:00,3.0,0.0,,,
2020-10-08 00:00:00,4.0,0.0,,,
2020-10-09 00:00:00,4.0,0.0,,,
2020-10-10 00:00:00,26.0,0.0,,,
2020-10-11 00:00:00,7.0,0.0,,,
2020-10-12 00:00:00,6.0,0.0,,,
2020-10-13 00:00:00,1.0,0.0,,,
2020-10-14 00:00:00,5.0,0.0,,,
2020-10-15 00:00:00,7.0,0.0,,,
2020-10-16 00:00:00,11.0,0.0,,,
2020-10-17 00:00:00,0.0,0.0,,,
2020-10-18 00:00:00,2.0,0.0,,,
2020-10-19 00:00:00,3.0,0.0,,,
2020-10-20 00:00:00,8.0,0.0,,,
2020-10-21 00:00:00,2.0,0.0,,,
2020-10-22 00:00:00,0.0,0.0,,,
2020-10-23 00:00:00,0.0,0.0,,,
2020-10-24 00:00:00,0.0,0.0,,,
2020-10-25 00:00:00,0.0,0.0,,,
2020-10-26 00:00:00,0.0,0.0,,,
2020-10-27 00:00:00,0.0,0.0,,,
2020-10-28 00:00:00,0.0,0.0,,,
2020-10-29 00:00:00,0.0,0.0,,,
2020-10-30 00:00:00,0.0,0.0,,,
2020-10-31 00:00:00,0.0,0.0,,,
2021-05-01 00:00:00,1.0,0.0,,,
2021-05-02 00:00:00,0.0,0.0,,,
2021-05-03 00:00:00,0.0,0.0,,,
2021-05-04 00:00:00,0.0,0.0,,,
2021-05-05 00:00:00,0.0,0.0,,,
2021-05-06 00:00:00,0.0,0.0,,,
2021-05-07 00:00:00,2.0,0.0,,,
2021-05-08 00:00:00,1.0,0.0,,,
2021-05-09 00:00:00,11.0,0.0,,,
2021-05-10 00:00:00,11.0,0.0,,,
2021-05-11 00:00:00,7.0,0.0,,,
2021-05-12 00:00:00,11.0,0.0,,,
2021-05-13 00:00:00,13.0,0.0,,,
2021-05-14 00:00:00,46.0,0.0,,,
2021-05-15 00:00:00,40.0,0.0,,,
2021-05-16 00:00:00,44.0,0.0,,,
2021-05-17 00:00:00,23.0,0.0,,,
2021-05-18 00:00:00,24.0,0.0,,,
2021-05-19 00:00:00,20.0,0.0,,,
2021-05-20 00:00:00,22.0,0.0,,,
2021-05-21 00:00:00,21.0,0.0,,,
2021-05-22 00:00:00,15.0,0.0,,,
2021-05-23 00:00:00,51.0,0.0,,,
2021-05-24 00:00:00,25.0,0.0,,,
2021-05-25 00:00:00,15.0,0.0,,,
2021-05-26 00:00:00,20.0,0.0,,,
2021-05-27 00:00:00,26.0,0.0,,,
2021-05-28 00:00:00,17.0,0.0,,,
2021-05-29 00:00:00,13.0,0.0,,,
2021-05-30 00:00:00,19.0,0.0,,,
2021-05-31 00:00:00,39.0,0.0,,,
2021-06-01 00:00:00,76.0,0.0,,,
2021-06-02 00:00:00,15.0,0.0,,,
2021-06-03 00:00:00,43.0,0.0,,,
2021-06-04 00:00:00,25.0,0.0,,,
2021-06-05 00:00:00,10.0,0.0,,,
2021-06-06 00:00:00,13.0,0.0,,,
2021-06-07 00:00:00,145.0,0.0,,,
2021-06-08 00:00:00,234.0,0.0,,,
2021-06-09 00:00:00,260.0,3.0,,,
2021-06-10 00:00:00,324.0,0.0,,,
2021-06-11 00:00:00,195.0,0.0,,,
2021-06-12 00:00:00,47.0,0.0,,,
2021-06-13 00:00:00,42.0,0.0,,,
2021-06-14 00:00:00,64.0,0.0,,,
2021-06-15 00:00:00,72.0,0.0,,,
2021-06-16 00:00:00,30.0,0.0,,,
2021-06-17 00:00:00,36.0,0.0,,,
2021-06-18 00:00:00,22.0,0.0,,,
2021-06-19 00:00:00,47.0,0.0,,,
2021-06-20 00:00:00,96.0,0.0,,,
2021-06-21 00:00:00,182.0,0.0,,,
2021-06-22 00:00:00,30.0,0.0,,,
2021-06-23 00:00:00,59.0,0.0,,,
2021-06-24 00:00:00,51.0,0.0,,,
2021-06-25 00:00:00,62.0,0.0,,,
2021-06-26 00:00:00,62.0,0.0,,,
2021-06-27 00:00:00,82.0,0.0,,,
2021-06-28 00:00:00,101.0,0.0,,,
2021-06-29 00:00:00,135.0,0.0,,,
2021-06-30 00:00:00,147.0,0.0,,,
2021-07-01 00:00:00,134.0,1.0,,,
2021-07-02 00:00:00,193.0,0.0,,,
2021-07-03 00:00:00,168.0,0.0,,,
2021-07-04 00:00:00,246.0,0.0,,,
2021-07-05 00:00:00,248.0,9.0,,,
2021-07-06 00:00:00,248.0,0.0,,,
2021-07-07 00:00:00,232.0,1.0,,,
2021-07-08 00:00:00,122.0,1.0,,,
2021-07-09 00:00:00,130.0,1.0,,,
2021-07-10 00:00:00,249.0,1.0,,,
2021-07-11 00:00:00,369.0,1.0,,,
2021-07-12 00:00:00,298.0,1.0,,,
2021-07-13 00:00:00,364.0,4.0,,,
2021-07-14 00:00:00,416.0,3.0,,,
2021-07-15 00:00:00,403.0,1.0,,,
2021-07-16 00:00:00,483.0,2.0,,,
2021-07-17 00:00:00,575.0,41.0,,,
2021-07-18 00:00:00,644.0,77.0,,,
2021-07-19 00:00:00,767.0,117.0,,,
2021-07-20 00:00:00,737.0,118.0,,,
2021-07-21 00:00:00,672.0,66.0,,,
2021-07-22 00:00:00,577.0,30.0,,,
2021-07-23 00:00:00,620.0,26.0,,,
2021-07-24 00:00:00,668.0,50.0,,,
2021-07-25 00:00:00,675.0,33.0,,,
2021-07-26 00:00:00,617.0,58.0,,,
2021-07-27 00:00:00,500.0,60.0,,,
2021-07-28 00:00:00,619.0,71.0,,,
2021-07-29 00:00:00,679.0,45.0,,,
2021-07-30 00:00:00,677.0,68.0,,,
2021-07-31 00:00:00,724.0,72.0,,,
2021-08-01 00:00:00,649.0,42.0,,,
2021-08-02 00:00:00,720.0,87.0,,,
2021-08-03 00:00:00,768.0,109.0,,,
2021-08-04 00:00:00,808.0,185.0,,,
2021-08-05 00:00:00,833.0,242.0,,,
2021-08-06 00:00:00,816.0,225.0,,,
2021-08-07 00:00:00,769.0,192.0,,,
2021-08-08 00:00:00,580.0,106.0,,,
2021-08-09 00:00:00,355.0,17.0,,,
2021-08-10 00:00:00,409.0,49.0,,,
2021-08-11 00:00:00,209.0,2.0,,,
2021-08-12 00:00:00,43.0,0.0,,,
2021-08-13 00:00:00,24.0,0.0,,,
2021-08-14 00:00:00,38.0,0.0,,,
2021-08-15 00:00:00,52.0,0.0,,,
2021-08-16 00:00:00,38.0,0.0,,,
2021-08-17 00:00:00,36.0,0.0,,,
2021-08-18 00:00:00,105.0,0.0,,,
2021-08-19 00:00:00,301.0,2.0,,,
2021-08-20 00:00:00,329.0,5.0,,,
2021-08-21 00:00:00,327.0,0.0,,,
2021-08-22 00:00:00,391.0,1.0,,,
2021-08-23 00:00:00,405.0,0.0,,,
2021-08-24 00:00:00,274.0,0.0,,,
2021-08-25 00:00:00,470.0,11.0,,,
2021-08-26 00:00:00,600.0,47.0,,,
2021-08-27 00:00:00,583.0,43.0,,,
2021-08-28 00:00:00,586.0,62.0,,,
2021-08-29 00:00:00,533.0,31.0,,,
2021-08-30 00:00:00,509.0,49.0,,,
2021-08-31 00:00:00,423.0,15.0,,,
2021-09-01 00:00:00,275.0,0.0,,,
2021-09-02 00:00:00,123.0,0.0,,,
2021-09-03 00:00:00,66.0,0.0,,,
2021-09-04 00:00:00,135.0,0.0,,,
2021-09-05 00:00:00,104.0,0.0,,,
2021-09-06 00:00:00,153.0,0.0,,,
2021-09-07 00:00:00,111.0,0.0,,,
2021-09-08 00:00:00,95.0,0.0,,,
2021-09-09 00:00:00,187.0,0.0,,,
2021-09-10 00:00:00,242.0,0.0,,,
2021-09-11 00:00:00,75.0,0.0,,,
2021-09-12 00:00:00,42.0,0.0,,,
2021-09-13 00:00:00,78.0,0.0,,,
2021-09-14 00:00:00,32.0,0.0,,,
2021-09-15 00:00:00,82.0,0.0,,,
2021-09-16 00:00:00,94.0,0.0,,,
2021-09-17 00:00:00,60.0,0.0,,,
2021-09-18 00:00:00,121.0,0.0,,,
2021-09-19 00:00:00,114.0,0.0,,,
2021-09-20 00:00:00,128.0,0.0,,,
2021-09-21 00:00:00,204.0,0.0,,,
2021-09-22 00:00:00,191.0,0.0,,,
2021-09-23 00:00:00,235.0,0.0,,,
2021-09-24 00:00:00,74.0,0.0,,,
2021-09-25 00:00:00,64.0,0.0,,,
2021-09-26 00:00:00,73.0,0.0,,,
2021-09-27 00:00:00,69.0,0.0,,,
2021-09-28 00:00:00,68.0,0.0,,,
2021-09-29 00:00:00,137.0,0.0,,,
2021-09-30 00:00:00,142.0,0.0,,,
2021-10-01 00:00:00,103.0,0.0,,,
2021-10-02 00:00:00,105.0,0.0,,,
2021-10-03 00:00:00,150.0,1.0,,,
2021-10-04 00:00:00,166.0,0.0,,,
2021-10-05 00:00:00,134.0,0.0,,,
2021-10-06 00:00:00,110.0,0.0,,,
2021-10-07 00:00:00,78.0,0.0,,,
2021-10-08 00:00:00,129.0,0.0,,,
2021-10-09 00:00:00,134.0,0.0,,,
2021-10-10 00:00:00,177.0,0.0,,,
2021-10-11 00:00:00,120.0,0.0,,,
2021-10-12 00:00:00,64.0,0.0,,,
2021-10-13 00:00:00,54.0,0.0,,,
2021-10-14 00:00:00,51.0,0.0,,,
2021-10-15 00:00:00,32.0,0.0,,,
2021-10-16 00:00:00,39.0,0.0,,,
2021-10-17 00:00:00,2.0,0.0,,,
2021-10-18 00:00:00,0.0,0.0,,,
2021-10-19 00:00:00,0.0,0.0,,,
2021-10-20 00:00:00,0.0,0.0,,,
2021-10-21 00:00:00,0.0,0.0,,,
2021-10-22 00:00:00,0.0,0.0,,,
2021-10-23 00:00:00,0.0,0.0,,,
2021-10-24 00:00:00,0.0,0.0,,,
2021-10-25 00:00:00,0.0,0.0,,,
2021-10-26 00:00:00,0.0,0.0,,,
2021-10-27 00:00:00,0.0,0.0,,,
2021-10-28 00:00:00,0.0,0.0,,,
2021-10-29 00:00:00,0.0,0.0,,,
2021-10-30 00:00:00,0.0,0.0,,,
2021-10-31 00:00:00,0.0,0.0,,,
2022-05-01 00:00:00,0.0,0.0,,,
2022-05-02 00:00:00,0.0,0.0,,,
2022-05-03 00:00:00,0.0,0.0,,,
2022-05-04 00:00:00,0.0,0.0,,,
2022-05-05 00:00:00,2.0,0.0,,,
2022-05-06 00:00:00,24.0,0.0,,,
2022-05-07 00:00:00,0.0,0.0,,,
2022-05-08 00:00:00,0.0,0.0,,,
2022-05-09 00:00:00,0.0,0.0,,,
2022-05-10 00:00:00,0.0,0.0,,,
2022-05-11 00:00:00,0.0,0.0,,,
2022-05-12 00:00:00,2.0,0.0,,,
2022-05-13 00:00:00,0.0,0.0,,,
2022-05-14 00:00:00,0.0,0.0,,,
2022-05-15 00:00:00,0.0,0.0,,,
2022-05-16 00:00:00,0.0,0.0,,,
2022-05-17 00:00:00,0.0,0.0,,,
2022-05-18 00:00:00,0.0,0.0,,,
2022-05-19 00:00:00,2.0,0.0,,,
2022-05-20 00:00:00,0.0,0.0,,,
2022-05-21 00:00:00,0.0,0.0,,,
2022-05-22 00:00:00,22.0,0.0,,,
2022-05-23 00:00:00,3.0,0.0,,,
2022-05-24 00:00:00,46.0,0.0,,,
2022-05-25 00:00:00,39.0,0.0,,,
2022-05-26 00:00:00,14.0,0.0,,,
2022-05-27 00:00:00,11.0,0.0,,,
2022-05-28 00:00:00,38.0,0.0,,,
2022-05-29 00:00:00,261.0,2.0,,,
2022-05-30 00:00:00,97.0,0.0,,,
2022-05-31 00:00:00,5.0,0.0,,,
2022-06-01 00:00:00,15.0,0.0,,,
2022-06-02 00:00:00,57.0,0.0,,,
2022-06-03 00:00:00,79.0,0.0,,,
2022-06-04 00:00:00,69.0,0.0,,,
2022-06-05 00:00:00,18.0,0.0,,,
2022-06-06 00:00:00,12.0,0.0,,,
2022-06-07 00:00:00,4.0,0.0,,,
2022-06-08 00:00:00,0.0,0.0,,,
2022-06-09 00:00:00,10.0,0.0,,,
2022-06-10 00:00:00,19.0,0.0,,,
2022-06-11 00:00:00,12.0,0.0,,,
2022-06-12 00:00:00,26.0,0.0,,,
2022-06-13 00:00:00,18.0,0.0,,,
2022-06-14 00:00:00,24.0,0.0,,,
2022-06-15 00:00:00,17.0,0.0,,,
2022-06-16 00:00:00,30.0,0.0,,,
2022-06-17 00:00:00,143.0,0.0,,,
2022-06-18 00:00:00,112.0,0.0,,,
2022-06-19 00:00:00,232.0,0.0,,,
2022-06-20 00:00:00,184.0,0.0,,,
2022-06-21 00:00:00,90.0,0.0,,,
2022-06-22 00:00:00,178.0,0.0,,,
2022-06-23 00:00:00,346.0,9.0,,,
2022-06-24 00:00:00,426.0,45.0,,,
2022-06-25 00:00:00,474.0,64.0,,,
2022-06-26 00:00:00,539.0,30.0,,,
2022-06-27 00:00:00,494.0,69.0,,,
2022-06-28 00:00:00,577.0,100.0,,,
2022-06-29 00:00:00,613.0,151.0,,,
2022-06-30 00:00:00,603.0,179.0,,,
2022-07-01 00:00:00,596.0,235.0,,,
2022-07-02 00:00:00,615.0,175.0,,,
2022-07-03 00:00:00,486.0,29.0,,,
2022-07-04 00:00:00,284.0,0.0,,,
2022-07-05 00:00:00,316.0,1.0,,,
2022-07-06 00:00:00,491.0,14.0,,,
2022-07-07 00:00:00,460.0,10.0,,,
2022-07-08 00:00:00,425.0,0.0,,,
2022-07-09 00:00:00,460.0,0.0,,,
2022-07-10 00:00:00,489.0,4.0,,,
2022-07-11 00:00:00,576.0,12.0,,,
2022-07-12 00:00:00,248.0,0.0,,,
2022-07-13 00:00:00,367.0,2.0,,,
2022-07-14 00:00:00,195.0,1.0,,,
2022-07-15 00:00:00,197.0,0.0,,,
2022-07-16 00:00:00,208.0,0.0,,,
2022-07-17 00:00:00,300.0,0.0,,,
2022-07-18 00:00:00,400.0,1.0,,,
2022-07-19 00:00:00,131.0,0.0,,,
2022-07-20 00:00:00,418.0,8.0,,,
2022-07-21 00:00:00,389.0,12.0,,,
2022-07-22 00:00:00,342.0,2.0,,,
2022-07-23 00:00:00,351.0,27.0,,,
2022-07-24 00:00:00,482.0,1.0,,,
2022-07-25 00:00:00,572.0,51.0,,,
2022-07-26 00:00:00,563.0,58.0,,,
2022-07-27 00:00:00,539.0,26.0,,,
2022-07-28 00:00:00,620.0,81.0,,,
2022-07-29 00:00:00,645.0,120.0,,,
2022-07-30 00:00:00,675.0,94.0,,,
2022-07-31 00:00:00,725.0,168.0,,,
2022-08-01 00:00:00,648.0,220.0,,,
2022-08-02 00:00:00,658.0,225.0,,,
2022-08-03 00:00:00,564.0,202.0,,,
2022-08-04 00:00:00,386.0,52.0,,,
2022-08-05 00:00:00,430.0,16.0,,,
2022-08-06 00:00:00,460.0,25.0,,,
2022-08-07 00:00:00,576.0,65.0,,,
2022-08-08 00:00:00,704.0,125.0,,,
2022-08-09 00:00:00,683.0,174.0,,,
2022-08-10 00:00:00,635.0,132.0,,,
2022-08-11 00:00:00,649.0,120.0,,,
2022-08-12 00:00:00,554.0,37.0,,,
2022-08-13 00:00:00,534.0,59.0,,,
2022-08-14 00:00:00,506.0,45.0,,,
2022-08-15 00:00:00,520.0,98.0,,,
2022-08-16 00:00:00,577.0,101.0,,,
2022-08-17 00:00:00,238.0,3.0,,,
2022-08-18 00:00:00,310.0,0.0,,,
2022-08-19 00:00:00,490.0,7.0,,,
2022-08-20 00:00:00,398.0,22.0,,,
2022-08-21 00:00:00,464.0,4.0,,,
2022-08-22 00:00:00,561.0,16.0,,,
2022-08-23 00:00:00,623.0,15.0,,,
2022-08-24 00:00:00,382.0,19.0,,,
2022-08-25 00:00:00,295.0,2.0,,,
2022-08-26 00:00:00,378.0,0.0,,,
2022-08-27 00:00:00,404.0,4.0,,,
2022-08-28 00:00:00,197.0,1.0,,,
2022-08-29 00:00:00,305.0,0.0,,,
2022-08-30 00:00:00,338.0,14.0,,,
2022-08-31 00:00:00,507.0,37.0,,,
2022-09-01 00:00:00,289.0,0.0,,,
2022-09-02 00:00:00,192.0,0.0,,,
2022-09-03 00:00:00,144.0,0.0,,,
2022-09-04 00:00:00,417.0,10.0,,,
2022-09-05 00:00:00,435.0,14.0,,,
2022-09-06 00:00:00,461.0,38.0,,,
2022-09-07 00:00:00,228.0,1.0,,,
2022-09-08 00:00:00,148.0,0.0,,,
2022-09-09 00:00:00,227.0,0.0,,,
2022-09-10 00:00:00,304.0,0.0,,,
2022-09-11 00:00:00,352.0,0.0,,,
2022-09-12 00:00:00,443.0,13.0,,,
2022-09-13 00:00:00,446.0,12.0,,,
2022-09-14 00:00:00,458.0,34.0,,,
2022-09-15 00:00:00,298.0,23.0,,,
2022-09-16 00:00:00,379.0,0.0,,,
2022-09-17 00:00:00,293.0,0.0,,,
2022-09-18 00:00:00,304.0,2.0,,,
2022-09-19 00:00:00,269.0,22.0,,,
2022-09-20 00:00:00,46.0,0.0,,,
2022-09-21 00:00:00,5.0,0.0,,,
2022-09-22 00:00:00,20.0,0.0,,,
2022-09-23 00:00:00,64.0,0.0,,,
2022-09-24 00:00:00,95.0,0.0,,,
2022-09-25 00:00:00,61.0,0.0,,,
2022-09-26 00:00:00,128.0,0.0,,,
2022-09-27 00:00:00,48.0,0.0,,,
2022-09-28 00:00:00,38.0,0.0,,,
2022-09-29 00:00:00,35.0,0.0,,,
2022-09-30 00:00:00,57.0,0.0,,,
2022-10-01 00:00:00,95.0,0.0,,,
2022-10-02 00:00:00,118.0,0.0,,,
2022-10-03 00:00:00,117.0,0.0,,,
2022-10-04 00:00:00,201.0,0.0,,,
2022-10-05 00:00:00,49.0,0.0,,,
2022-10-06 00:00:00,16.0,0.0,,,
2022-10-07 00:00:00,14.0,0.0,,,
2022-10-08 00:00:00,2.0,0.0,,,
2022-10-09 00:00:00,14.0,0.0,,,
2022-10-10 00:00:00,1.0,0.0,,,
2022-10-11 00:00:00,1.0,0.0,,,
2022-10-12 00:00:00,1.0,0.0,,,
2022-10-13 00:00:00,12.0,0.0,,,
2022-10-14 00:00:00,12.0,0.0,,,
2022-10-15 00:00:00,26.0,0.0,,,
2022-10-16 00:00:00,14.0,0.0,,,
2022-10-17 00:00:00,9.0,0.0,,,
2022-10-18 00:00:00,3.0,0.0,,,
2022-10-19 00:00:00,1.0,0.0,,,
2022-10-20 00:00:00,0.0,0.0,,,
2022-10-21 00:00:00,0.0,0.0,,,
2022-10-22 00:00:00,14.0,0.0,,,
2022-10-23 00:00:00,0.0,0.0,,,
2022-10-24 00:00:00,0.0,0.0,,,
2022-10-25 00:00:00,0.0,0.0,,,
2022-10-26 00:00:00,0.0,0.0,,,
2022-10-27 00:00:00,0.0,0.0,,,
2022-10-28 00:00:00,0.0,0.0,,,
2022-10-29 00:00:00,0.0,0.0,,,
2022-10-30 00:00:00,0.0,0.0,,,
2022-10-31 00:00:00,0.0,0.0,,,
2023-05-01 00:00:00,0.0,0.0,,,
2023-05-02 00:00:00,0.0,0.0,,,
2023-05-03 00:00:00,0.0,0.0,,,
2023-05-04 00:00:00,1.0,0.0,,,
2023-05-05 00:00:00,11.0,0.0,,,
2023-05-06 00:00:00,19.0,0.0,,,
2023-05-07 00:00:00,4.0,0.0,,,
2023-05-08 00:00:00,0.0,0.0,,,
2023-05-09 00:00:00,0.0,0.0,,,
2023-05-10 00:00:00,0.0,0.0,,,
2023-05-11 00:00:00,0.0,0.0,,,
2023-05-12 00:00:00,0.0,0.0,,,
2023-05-13 00:00:00,0.0,0.0,,,
2023-05-14 00:00:00,0.0,0.0,,,
2023-05-15 00:00:00,0.0,0.0,,,
2023-05-16 00:00:00,41.0,0.0,,,
2023-05-17 00:00:00,299.0,1.0,,,
2023-05-18 00:00:00,282.0,6.0,,,
2023-05-19 00:00:00,0.0,0.0,,,
2023-05-20 00:00:00,0.0,0.0,,,
2023-05-21 00:00:00,16.0,0.0,,,
2023-05-22 00:00:00,37.0,0.0,,,
2023-05-23 00:00:00,0.0,0.0,,,
2023-05-24 00:00:00,0.0,0.0,,,
2023-05-25 00:00:00,4.0,0.0,,,
2023-05-26 00:00:00,7.0,0.0,,,
2023-05-27 00:00:00,16.0,0.0,,,
2023-05-28 00:00:00,35.0,0.0,,,
2023-05-29 00:00:00,58.0,0.0,,,
2023-05-30 00:00:00,35.0,0.0,,,
2023-05-31 00:00:00,7.0,0.0,,,
2023-06-01 00:00:00,8.0,0.0,,,
2023-06-02 00:00:00,6.0,0.0,,,
2023-06-03 00:00:00,24.0,0.0,,,
2023-06-04 00:00:00,15.0,0.0,,,
2023-06-05 00:00:00,33.0,0.0,,,
2023-06-06 00:00:00,18.0,0.0,,,
2023-06-07 00:00:00,52.0,0.0,,,
2023-06-08 00:00:00,19.0,0.0,,,
2023-06-09 00:00:00,14.0,0.0,,,
2023-06-10 00:00:00,24.0,0.0,,,
2023-06-11 00:00:00,17.0,0.0,,,
2023-06-12 00:00:00,26.0,0.0,,,
2023-06-13 00:00:00,73.0,0.0,,,
2023-06-14 00:00:00,4.0,0.0,,,
2023-06-15 00:00:00,7.0,0.0,,,
2023-06-16 00:00:00,67.0,0.0,,,
2023-06-17 00:00:00,288.0,0.0,,,
2023-06-18 00:00:00,158.0,3.0,,,
2023-06-19 00:00:00,199.0,0.0,,,
2023-06-20 00:00:00,139.0,0.0,,,
2023-06-21 00:00:00,44.0,0.0,,,
2023-06-22 00:00:00,43.0,0.0,,,
2023-06-23 00:00:00,27.0,0.0,,,
2023-06-24 00:00:00,74.0,0.0,,,
2023-06-25 00:00:00,131.0,0.0,,,
2023-06-26 00:00:00,214.0,0.0,,,
2023-06-27 00:00:00,393.0,2.0,,,
2023-06-28 00:00:00,372.0,0.0,,,
2023-06-29 00:00:00,374.0,2.0,,,
2023-06-30 00:00:00,121.0,0.0,,,
2023-07-01 00:00:00,45.0,0.0,,,
2023-07-02 00:00:00,416.0,3.0,,,
2023-07-03 00:00:00,250.0,2.0,,,
2023-07-04 00:00:00,320.0,17.0,,,
2023-07-05 00:00:00,84.0,0.0,,,
2023-07-06 00:00:00,540.0,19.0,,,
2023-07-07 00:00:00,487.0,62.0,,,
2023-07-08 00:00:00,264.0,0.0,,,
2023-07-09 00:00:00,325.0,3.0,,,
2023-07-10 00:00:00,486.0,53.0,,,
2023-07-11 00:00:00,574.0,57.0,,,
2023-07-12 00:00:00,439.0,58.0,,,
2023-07-13 00:00:00,316.0,4.0,,,
2023-07-14 00:00:00,247.0,0.0,,,
2023-07-15 00:00:00,429.0,19.0,,,
2023-07-16 00:00:00,618.0,157.0,,,
2023-07-17 00:00:00,646.0,194.0,,,
2023-07-18 00:00:00,573.0,163.0,,,
2023-07-19 00:00:00,390.0,14.0,,,
2023-07-20 00:00:00,392.0,9.0,,,
2023-07-21 00:00:00,412.0,9.0,,,
2023-07-22 00:00:00,577.0,25.0,,,
2023-07-23 00:00:00,652.0,38.0,,,
2023-07-24 00:00:00,714.0,88.0,,,
2023-07-25 00:00:00,778.0,167.0,,,
2023-07-26 00:00:00,807.0,226.0,,,
2023-07-27 00:00:00,804.0,251.0,,,
2023-07-28 00:00:00,835.0,233.0,,,
2023-07-29 00:00:00,847.0,217.0,,,
2023-07-30 00:00:00,775.0,223.0,,,
2023-07-31 00:00:00,653.0,124.0,,,
2023-08-01 00:00:00,694.0,155.0,0.0,915.0,2.0
2023-08-02 00:00:00,791.0,192.0,0.0,915.0,1.0
2023-08-03 00:00:00,714.0,229.0,0.0,915.0,1.0
2023-08-04 00:00:00,780.0,290.0,0.0,915.0,1.0
2023-08-05 00:00:00,695.0,274.0,1.0,915.0,1.0
2023-08-06 00:00:00,665.0,223.0,0.0,915.0,1.0
2023-08-07 00:00:00,527.0,100.0,0.0,915.0,1.0
2023-08-08 00:00:00,603.0,126.0,0.0,915.0,2.0
2023-08-09 00:00:00,631.0,133.0,0.0,915.0,1.0
2023-08-10 00:00:00,705.0,164.0,1.0,915.0,1.0
2023-08-11 00:00:00,766.0,158.0,0.0,915.0,1.0
2023-08-12 00:00:00,658.0,129.0,0.0,915.0,1.0
2023-08-13 00:00:00,687.0,150.0,0.0,915.0,1.0
2023-08-14 00:00:00,597.0,86.0,0.0,915.0,1.0
2023-08-15 00:00:00,403.0,45.0,0.0,915.0,1.0
2023-08-16 00:00:00,579.0,40.0,0.0,915.0,1.0
2023-08-17 00:00:00,637.0,52.0,0.0,915.0,1.0
2023-08-18 00:00:00,675.0,78.0,0.0,915.0,1.0
2023-08-19 00:00:00,758.0,137.0,0.0,915.0,2.0
2023-08-20 00:00:00,755.0,182.0,0.0,915.0,2.0
2023-08-21 00:00:00,782.0,174.0,0.0,915.0,1.0
2023-08-22 00:00:00,810.0,174.0,0.0,915.0,2.0
2023-08-23 00:00:00,718.0,129.0,0.0,915.0,1.0
2023-08-24 00:00:00,762.0,142.0,0.0,915.0,1.0
2023-08-25 00:00:00,809.0,133.0,0.0,915.0,0.0
2023-08-26 00:00:00,835.0,92.0,0.0,915.0,0.0
2023-08-27 00:00:00,760.0,41.0,0.0,915.0,0.0
2023-08-28 00:00:00,711.0,96.0,0.0,915.0,1.0
2023-08-29 00:00:00,691.0,127.0,0.0,915.0,1.0
2023-08-30 00:00:00,620.0,80.0,0.0,915.0,0.0
2023-08-31 00:00:00,658.0,119.0,0.0,915.0,0.0
2023-09-01 00:00:00,569.0,68.0,0.0,915.0,0.0
2023-09-02 00:00:00,491.0,15.0,0.0,915.0,0.0
2023-09-03 00:00:00,660.0,73.0,0.0,915.0,0.0
2023-09-04 00:00:00,539.0,79.0,0.0,915.0,0.0
2023-09-05 00:00:00,569.0,37.0,0.0,915.0,0.0
2023-09-06 00:00:00,295.0,0.0,0.0,915.0,0.0
2023-09-07 00:00:00,334.0,0.0,0.0,915.0,0.0
2023-09-08 00:00:00,235.0,0.0,0.0,915.0,0.0
2023-09-09 00:00:00,456.0,0.0,0.0,915.0,0.0
2023-09-10 00:00:00,540.0,2.0,0.0,915.0,0.0
2023-09-11 00:00:00,429.0,13.0,0.0,915.0,0.0
2023-09-12 00:00:00,527.0,1.0,0.0,915.0,0.0
2023-09-13 00:00:00,518.0,0.0,0.0,915.0,1.0
2023-09-14 00:00:00,437.0,1.0,0.0,915.0,0.0
2023-09-15 00:00:00,480.0,10.0,0.0,915.0,0.0
2023-09-16 00:00:00,566.0,34.0,0.0,915.0,0.0
2023-09-17 00:00:00,580.0,25.0,0.0,915.0,0.0
2023-09-18 00:00:00,630.0,14.0,0.0,915.0,0.0
2023-09-19 00:00:00,573.0,6.0,0.0,915.0,0.0
2023-09-20 00:00:00,402.0,0.0,0.0,915.0,0.0
2023-09-21 00:00:00,260.0,3.0,0.0,915.0,0.0
2023-09-22 00:00:00,111.0,0.0,0.0,915.0,1.0
2023-09-23 00:00:00,101.0,0.0,0.0,915.0,1.0
2023-09-24 00:00:00,98.0,0.0,0.0,915.0,1.0
2023-09-25 00:00:00,139.0,0.0,0.0,915.0,1.0
2023-09-26 00:00:00,206.0,0.0,0.0,915.0,1.0
2023-09-27 00:00:00,275.0,0.0,0.0,915.0,1.0
2023-09-28 00:00:00,299.0,4.0,0.0,915.0,1.0
2023-09-29 00:00:00,258.0,0.0,0.0,915.0,0.0
2023-09-30 00:00:00,224.0,0.0,0.0,915.0,0.0
2023-10-01 00:00:00,74.0,0.0,0.0,915.0,0.0
2023-10-02 00:00:00,26.0,0.0,0.0,915.0,0.0
2023-10-03 00:00:00,26.0,0.0,0.0,915.0,0.0
2023-10-04 00:00:00,38.0,0.0,0.0,915.0,0.0
2023-10-05 00:00:00,23.0,0.0,0.0,915.0,0.0
2023-10-06 00:00:00,17.0,0.0,0.0,915.0,0.0
2023-10-07 00:00:00,20.0,0.0,0.0,915.0,0.0
2023-10-08 00:00:00,27.0,0.0,0.0,915.0,0.0
2023-10-09 00:00:00,24.0,0.0,0.0,915.0,0.0
2023-10-10 00:00:00,10.0,0.0,0.0,915.0,0.0
2023-10-11 00:00:00,4.0,0.0,0.0,915.0,0.0
2023-10-12 00:00:00,8.0,0.0,0.0,915.0,0.0
2023-10-13 00:00:00,0.0,0.0,0.0,915.0,0.0
2023-10-14 00:00:00,0.0,0.0,0.0,915.0,0.0
2023-10-15 00:00:00,0.0,0.0,0.0,915.0,0.0
2023-10-16 00:00:00,0.0,0.0,0.0,915.0,0.0
2023-10-17 00:00:00,0.0,0.0,0.0,915.0,0.0
2023-10-18 00:00:00,1.0,0.0,0.0,915.0,0.0
2023-10-19 00:00:00,5.0,0.0,0.0,915.0,0.0
2023-10-20 00:00:00,5.0,0.0,0.0,915.0,1.0
2023-10-21 00:00:00,0.0,0.0,0.0,915.0,1.0
2023-10-22 00:00:00,0.0,0.0,0.0,915.0,1.0
2023-10-23 00:00:00,1.0,0.0,0.0,915.0,0.0
2023-10-24 00:00:00,4.0,0.0,0.0,915.0,0.0
2023-10-25 00:00:00,1.0,0.0,0.0,915.0,0.0
2023-10-26 00:00:00,0.0,0.0,0.0,915.0,0.0
2023-10-27 00:00:00,0.0,0.0,0.0,915.0,0.0
2023-10-28 00:00:00,0.0,0.0,0.0,915.0,0.0
2023-10-29 00:00:00,0.0,0.0,0.0,915.0,0.0
2023-10-30 00:00:00,0.0,0.0,0.0,915.0,0.0
2023-10-31 00:00:00,0.0,0.0,0.0,915.0,0.0
2023-11-01 00:00:00,0.0,0.0,0.0,915.0,1.0
2023-11-02 00:00:00,0.0,0.0,0.0,915.0,0.0
2023-11-03 00:00:00,3.0,0.0,0.0,915.0,0.0
2023-11-04 00:00:00,5.0,0.0,0.0,915.0,0.0
2023-11-05 00:00:00,7.0,0.0,0.0,915.0,1.0
2023-11-06 00:00:00,3.0,0.0,0.0,915.0,1.0
2023-11-07 00:00:00,0.0,0.0,0.0,915.0,1.0
2023-11-08 00:00:00,0.0,0.0,0.0,915.0,0.0
2023-11-09 00:00:00,1.0,0.0,0.0,915.0,0.0
2023-11-10 00:00:00,7.0,0.0,0.0,915.0,0.0
2023-11-11 00:00:00,0.0,0.0,0.0,915.0,0.0
2023-11-12 00:00:00,0.0,0.0,0.0,915.0,0.0
2023-11-13 00:00:00,0.0,0.0,0.0,915.0,0.0
2023-11-14 00:00:00,0.0,0.0,0.0,915.0,1.0
2023-11-15 00:00:00,0.0,0.0,0.0,915.0,1.0
2023-11-16 00:00:00,0.0,0.0,0.0,915.0,1.0
2023-11-17 00:00:00,0.0,0.0,0.0,915.0,1.0
2023-11-18 00:00:00,0.0,0.0,0.0,915.0,1.0
2023-11-19 00:00:00,0.0,0.0,0.0,915.0,1.0
2023-11-20 00:00:00,0.0,0.0,0.0,915.0,0.0
2023-11-21 00:00:00,0.0,0.0,0.0,915.0,0.0
2023-11-22 00:00:00,0.0,0.0,0.0,915.0,0.0
2023-11-23 00:00:00,0.0,0.0,0.0,915.0,1.0
2023-11-24 00:00:00,0.0,0.0,0.0,915.0,2.0
2023-11-25 00:00:00,0.0,0.0,0.0,915.0,2.0
2023-11-26 00:00:00,0.0,0.0,0.0,915.0,2.0
2023-11-27 00:00:00,0.0,0.0,0.0,915.0,0.0
2023-11-28 00:00:00,0.0,0.0,0.0,915.0,0.0
2023-11-29 00:00:00,0.0,0.0,0.0,915.0,0.0
2023-11-30 00:00:00,0.0,0.0,0.0,915.0,0.0
2023-12-01 00:00:00,0.0,0.0,0.0,915.0,0.0
2023-12-02 00:00:00,0.0,0.0,0.0,915.0,0.0
2023-12-03 00:00:00,0.0,0.0,0.0,915.0,0.0
2023-12-04 00:00:00,0.0,0.0,0.0,915.0,0.0
2023-12-05 00:00:00,0.0,0.0,0.0,914.0,0.0
2023-12-06 00:00:00,0.0,0.0,0.0,916.0,0.0
2023-12-07 00:00:00,0.0,0.0,0.0,915.0,0.0
2023-12-08 00:00:00,0.0,0.0,0.0,915.0,0.0
2023-12-09 00:00:00,0.0,0.0,0.0,915.0,0.0
2023-12-10 00:00:00,0.0,0.0,0.0,915.0,0.0
2023-12-11 00:00:00,0.0,0.0,0.0,915.0,0.0
2023-12-12 00:00:00,0.0,0.0,0.0,915.0,0.0
2023-12-13 00:00:00,0.0,0.0,0.0,915.0,0.0
2023-12-14 00:00:00,0.0,0.0,0.0,915.0,0.0
2023-12-15 00:00:00,0.0,0.0,0.0,915.0,1.0
2023-12-16 00:00:00,0.0,0.0,0.0,915.0,1.0
2023-12-17 00:00:00,0.0,0.0,0.0,915.0,1.0
2023-12-18 00:00:00,0.0,0.0,0.0,915.0,1.0
2023-12-19 00:00:00,0.0,0.0,0.0,915.0,1.0
2023-12-20 00:00:00,0.0,0.0,0.0,915.0,0.0
2023-12-21 00:00:00,0.0,0.0,0.0,915.0,0.0
2023-12-22 00:00:00,0.0,0.0,0.0,915.0,0.0
2023-12-23 00:00:00,0.0,0.0,0.0,915.0,0.0
2023-12-24 00:00:00,0.0,0.0,0.0,915.0,0.0
2023-12-25 00:00:00,0.0,0.0,0.0,915.0,0.0
2023-12-26 00:00:00,0.0,0.0,0.0,915.0,0.0
2023-12-27 00:00:00,0.0,0.0,0.0,915.0,0.0
2023-12-28 00:00:00,0.0,0.0,0.0,915.0,0.0
2023-12-29 00:00:00,0.0,0.0,0.0,915.0,0.0
2023-12-30 00:00:00,0.0,0.0,0.0,915.0,0.0
2023-12-31 00:00:00,0.0,0.0,0.0,915.0,0.0
2024-01-01 00:00:00,0.0,0.0,0.0,915.0,0.0
2024-01-02 00:00:00,0.0,0.0,0.0,915.0,0.0
2024-01-03 00:00:00,0.0,0.0,0.0,915.0,0.0
2024-01-04 00:00:00,0.0,0.0,0.0,915.0,0.0
2024-01-05 00:00:00,0.0,0.0,0.0,915.0,0.0
2024-01-06 00:00:00,0.0,0.0,0.0,915.0,0.0
2024-01-07 00:00:00,0.0,0.0,0.0,915.0,0.0
2024-01-08 00:00:00,0.0,0.0,0.0,915.0,1.0
2024-01-09 00:00:00,0.0,0.0,0.0,915.0,0.0
2024-01-10 00:00:00,0.0,0.0,0.0,915.0,0.0
2024-01-11 00:00:00,0.0,0.0,0.0,915.0,0.0
2024-01-12 00:00:00,0.0,0.0,0.0,915.0,1.0
2024-01-13 00:00:00,0.0,0.0,0.0,915.0,1.0
2024-01-14 00:00:00,0.0,0.0,0.0,915.0,1.0
2024-01-15 00:00:00,0.0,0.0,0.0,915.0,1.0
2024-01-16 00:00:00,0.0,0.0,0.0,915.0,0.0
2024-01-17 00:00:00,0.0,0.0,0.0,915.0,0.0
2024-01-18 00:00:00,0.0,0.0,0.0,915.0,0.0
2024-01-19 00:00:00,0.0,0.0,0.0,915.0,0.0
2024-01-20 00:00:00,0.0,0.0,0.0,915.0,0.0
2024-01-21 00:00:00,0.0,0.0,0.0,915.0,1.0
2024-01-22 00:00:00,0.0,0.0,0.0,915.0,0.0
2024-01-23 00:00:00,0.0,0.0,0.0,915.0,0.0
2024-01-24 00:00:00,0.0,0.0,0.0,915.0,1.0
2024-01-25 00:00:00,0.0,0.0,0.0,915.0,1.0
2024-01-26 00:00:00,0.0,0.0,0.0,914.0,1.0
2024-01-27 00:00:00,0.0,0.0,0.0,914.0,2.0
2024-01-28 00:00:00,0.0,0.0,0.0,914.0,2.0
2024-01-29 00:00:00,0.0,0.0,0.0,914.0,0.0
2024-01-30 00:00:00,0.0,0.0,0.0,914.0,0.0
2024-01-31 00:00:00,0.0,0.0,0.0,914.0,0.0
2024-02-01 00:00:00,0.0,0.0,0.0,914.0,0.0
2024-02-02 00:00:00,0.0,0.0,0.0,914.0,0.0
2024-02-03 00:00:00,0.0,0.0,0.0,914.0,0.0
2024-02-04 00:00:00,0.0,0.0,0.0,914.0,0.0
2024-02-05 00:00:00,0.0,0.0,0.0,914.0,0.0
2024-02-06 00:00:00,0.0,0.0,0.0,914.0,0.0
2024-02-07 00:00:00,0.0,0.0,0.0,914.0,0.0
2024-02-08 00:00:00,0.0,0.0,0.0,914.0,0.0
2024-02-09 00:00:00,0.0,0.0,0.0,914.0,0.0
2024-02-10 00:00:00,0.0,0.0,0.0,914.0,0.0
2024-02-11 00:00:00,0.0,0.0,0.0,914.0,0.0
2024-02-12 00:00:00,0.0,0.0,0.0,914.0,0.0
2024-02-13 00:00:00,0.0,0.0,0.0,914.0,0.0
2024-02-14 00:00:00,0.0,0.0,0.0,914.0,0.0
2024-02-15 00:00:00,0.0,0.0,0.0,914.0,0.0
2024-02-16 00:00:00,0.0,0.0,0.0,914.0,0.0
2024-02-17 00:00:00,0.0,0.0,0.0,914.0,0.0
2024-02-18 00:00:00,0.0,0.0,0.0,692.0,0.0
2024-02-19 00:00:00,0.0,0.0,0.0,914.0,0.0
2024-02-20 00:00:00,0.0,0.0,0.0,914.0,0.0
2024-02-21 00:00:00,0.0,0.0,0.0,914.0,0.0
2024-02-22 00:00:00,0.0,0.0,0.0,914.0,0.0
2024-02-23 00:00:00,0.0,0.0,0.0,914.0,0.0
2024-02-24 00:00:00,0.0,0.0,0.0,914.0,0.0
2024-02-25 00:00:00,0.0,0.0,0.0,914.0,1.0
2024-02-26 00:00:00,0.0,0.0,0.0,914.0,0.0
2024-02-27 00:00:00,0.0,0.0,0.0,914.0,0.0
2024-02-28 00:00:00,0.0,0.0,0.0,914.0,0.0
2024-02-29 00:00:00,0.0,0.0,0.0,914.0,0.0
2024-03-01 00:00:00,0.0,0.0,0.0,914.0,0.0
2024-03-02 00:00:00,0.0,0.0,0.0,914.0,0.0
2024-03-03 00:00:00,0.0,0.0,0.0,914.0,0.0
2024-03-04 00:00:00,0.0,0.0,0.0,914.0,0.0
2024-03-05 00:00:00,0.0,0.0,0.0,914.0,0.0
2024-03-06 00:00:00,0.0,0.0,0.0,914.0,0.0
2024-03-07 00:00:00,0.0,0.0,0.0,914.0,0.0
2024-03-08 00:00:00,0.0,0.0,0.0,914.0,0.0
2024-03-09 00:00:00,0.0,0.0,0.0,914.0,1.0
2024-03-10 00:00:00,0.0,0.0,0.0,914.0,1.0
2024-03-11 00:00:00,0.0,0.0,0.0,914.0,0.0
2024-03-12 00:00:00,0.0,0.0,0.0,914.0,0.0
2024-03-13 00:00:00,0.0,0.0,0.0,914.0,0.0
2024-03-14 00:00:00,0.0,0.0,0.0,914.0,0.0
2024-03-15 00:00:00,0.0,0.0,0.0,914.0,0.0
2024-03-16 00:00:00,0.0,0.0,0.0,914.0,0.0
2024-03-17 00:00:00,0.0,0.0,0.0,914.0,0.0
2024-03-18 00:00:00,0.0,0.0,0.0,914.0,0.0
2024-03-19 00:00:00,0.0,0.0,0.0,914.0,0.0
2024-03-20 00:00:00,0.0,0.0,0.0,914.0,0.0
2024-03-21 00:00:00,0.0,0.0,0.0,914.0,0.0
2024-03-22 00:00:00,0.0,0.0,0.0,914.0,0.0
2024-03-23 00:00:00,0.0,0.0,0.0,914.0,0.0
2024-03-24 00:00:00,0.0,0.0,0.0,914.0,0.0
2024-03-25 00:00:00,0.0,0.0,0.0,914.0,0.0
2024-03-26 00:00:00,0.0,0.0,0.0,914.0,0.0
2024-03-27 00:00:00,0.0,0.0,0.0,914.0,0.0
2024-03-28 00:00:00,0.0,0.0,0.0,914.0,0.0
2024-03-29 00:00:00,0.0,0.0,0.0,914.0,0.0
2024-03-30 00:00:00,0.0,0.0,0.0,914.0,0.0
2024-03-31 00:00:00,0.0,0.0,0.0,914.0,1.0
2024-04-01 00:00:00,0.0,0.0,0.0,914.0,0.0
2024-04-02 00:00:00,0.0,0.0,0.0,914.0,1.0
2024-04-03 00:00:00,1.0,0.0,0.0,914.0,0.0
2024-04-04 00:00:00,1.0,0.0,0.0,914.0,0.0
2024-04-05 00:00:00,0.0,0.0,0.0,914.0,0.0
2024-04-06 00:00:00,0.0,0.0,0.0,914.0,0.0
2024-04-07 00:00:00,0.0,0.0,0.0,914.0,0.0
2024-04-08 00:00:00,1.0,0.0,0.0,914.0,0.0
2024-04-09 00:00:00,0.0,0.0,0.0,914.0,1.0
2024-04-10 00:00:00,0.0,0.0,0.0,914.0,0.0
2024-04-11 00:00:00,0.0,0.0,0.0,914.0,0.0
2024-04-12 00:00:00,0.0,0.0,0.0,914.0,0.0
2024-04-13 00:00:00,0.0,0.0,0.0,914.0,0.0
2024-04-14 00:00:00,1.0,0.0,0.0,914.0,0.0
2024-04-15 00:00:00,11.0,0.0,0.0,914.0,1.0
2024-04-16 00:00:00,4.0,0.0,0.0,914.0,1.0
2024-04-17 00:00:00,8.0,0.0,0.0,914.0,1.0
2024-04-18 00:00:00,0.0,0.0,0.0,914.0,1.0
2024-04-19 00:00:00,1.0,0.0,0.0,914.0,1.0
2024-04-20 00:00:00,6.0,0.0,0.0,914.0,1.0
2024-04-21 00:00:00,13.0,0.0,0.0,914.0,1.0
2024-04-22 00:00:00,8.0,0.0,0.0,914.0,0.0
2024-04-23 00:00:00,3.0,0.0,0.0,914.0,0.0
2024-04-24 00:00:00,0.0,0.0,0.0,914.0,0.0
2024-04-25 00:00:00,0.0,0.0,0.0,914.0,0.0
2024-04-26 00:00:00,8.0,0.0,0.0,914.0,0.0
2024-04-27 00:00:00,5.0,0.0,0.0,914.0,0.0
2024-04-28 00:00:00,38.0,0.0,0.0,914.0,1.0
2024-04-29 00:00:00,18.0,0.0,0.0,914.0,1.0
2024-04-30 00:00:00,12.0,0.0,0.0,914.0,0.0
2024-05-01 00:00:00,0.0,0.0,0.0,914.0,0.0
2024-05-02 00:00:00,0.0,0.0,0.0,914.0,0.0
2024-05-03 00:00:00,0.0,0.0,0.0,914.0,0.0
2024-05-04 00:00:00,22.0,0.0,0.0,914.0,0.0
2024-05-05 00:00:00,116.0,0.0,0.0,914.0,0.0
2024-05-06 00:00:00,9.0,0.0,0.0,914.0,0.0
2024-05-07 00:00:00,1.0,0.0,0.0,914.0,0.0
2024-05-08 00:00:00,0.0,0.0,0.0,914.0,0.0
2024-05-09 00:00:00,0.0,0.0,0.0,914.0,0.0
2024-05-10 00:00:00,0.0,0.0,0.0,914.0,0.0
2024-05-11 00:00:00,12.0,0.0,0.0,914.0,0.0
2024-05-12 00:00:00,10.0,0.0,0.0,914.0,0.0
2024-05-13 00:00:00,0.0,0.0,0.0,914.0,0.0
2024-05-14 00:00:00,0.0,0.0,0.0,914.0,0.0
2024-05-15 00:00:00,0.0,0.0,0.0,914.0,0.0
2024-05-16 00:00:00,1.0,0.0,0.0,914.0,1.0
2024-05-17 00:00:00,0.0,0.0,0.0,914.0,0.0
2024-05-18 00:00:00,55.0,0.0,0.0,914.0,0.0
2024-05-19 00:00:00,19.0,0.0,0.0,914.0,0.0
2024-05-20 00:00:00,15.0,0.0,0.0,914.0,1.0
2024-05-21 00:00:00,63.0,0.0,0.0,914.0,0.0
2024-05-22 00:00:00,5.0,0.0,0.0,914.0,0.0
2024-05-23 00:00:00,12.0,0.0,0.0,914.0,0.0
2024-05-24 00:00:00,100.0,0.0,0.0,914.0,0.0
2024-05-25 00:00:00,50.0,0.0,0.0,914.0,0.0
2024-05-26 00:00:00,59.0,0.0,0.0,914.0,0.0
2024-05-27 00:00:00,32.0,0.0,0.0,914.0,1.0
2024-05-28 00:00:00,7.0,0.0,0.0,914.0,1.0
2024-05-29 00:00:00,8.0,0.0,0.0,914.0,0.0
2024-05-30 00:00:00,9.0,0.0,0.0,914.0,0.0
2024-05-31 00:00:00,17.0,0.0,0.0,914.0,0.0
2024-06-01 00:00:00,13.0,0.0,0.0,914.0,0.0
2024-06-02 00:00:00,4.0,0.0,0.0,914.0,0.0
2024-06-03 00:00:00,0.0,0.0,0.0,914.0,0.0
2024-06-04 00:00:00,0.0,0.0,0.0,914.0,0.0
2024-06-05 00:00:00,4.0,0.0,0.0,914.0,0.0
2024-06-06 00:00:00,3.0,0.0,0.0,914.0,0.0
2024-06-07 00:00:00,26.0,0.0,0.0,914.0,0.0
2024-06-08 00:00:00,40.0,0.0,0.0,914.0,0.0
2024-06-09 00:00:00,11.0,0.0,0.0,914.0,0.0
2024-06-10 00:00:00,21.0,0.0,0.0,914.0,0.0
2024-06-11 00:00:00,172.0,0.0,0.0,914.0,0.0
2024-06-12 00:00:00,326.0,1.0,0.0,914.0,0.0
2024-06-13 00:00:00,314.0,1.0,0.0,914.0,0.0
2024-06-14 00:00:00,418.0,16.0,0.0,914.0,0.0
2024-06-15 00:00:00,309.0,5.0,0.0,914.0,0.0
2024-06-16 00:00:00,284.0,0.0,0.0,914.0,0.0
2024-06-17 00:00:00,82.0,0.0,0.0,914.0,0.0
2024-06-18 00:00:00,48.0,0.0,0.0,914.0,0.0
2024-06-19 00:00:00,284.0,0.0,0.0,914.0,0.0
2024-06-20 00:00:00,193.0,0.0,0.0,914.0,0.0
2024-06-21 00:00:00,105.0,0.0,0.0,914.0,0.0
2024-06-22 00:00:00,186.0,0.0,0.0,914.0,0.0
2024-06-23 00:00:00,86.0,0.0,0.0,914.0,0.0
2024-06-24 00:00:00,226.0,14.0,0.0,914.0,0.0
2024-06-25 00:00:00,172.0,1.0,0.0,914.0,0.0
2024-06-26 00:00:00,134.0,2.0,0.0,914.0,0.0
2024-06-27 00:00:00,55.0,0.0,0.0,914.0,0.0
2024-06-28 00:00:00,49.0,0.0,0.0,914.0,0.0
2024-06-29 00:00:00,257.0,0.0,0.0,914.0,0.0
2024-06-30 00:00:00,218.0,0.0,0.0,914.0,0.0
2024-07-01 00:00:00,79.0,1.0,0.0,914.0,0.0
2024-07-02 00:00:00,238.0,3.0,0.0,914.0,0.0
2024-07-03 00:00:00,545.0,44.0,0.0,914.0,1.0
2024-07-04 00:00:00,533.0,64.0,0.0,914.0,1.0
2024-07-05 00:00:00,650.0,162.0,0.0,914.0,0.0
2024-07-06 00:00:00,566.0,132.0,0.0,914.0,0.0
2024-07-07 00:00:00,612.0,244.0,1.0,914.0,0.0
2024-07-08 00:00:00,518.0,155.0,0.0,914.0,0.0
2024-07-09 00:00:00,439.0,66.0,0.0,914.0,0.0
2024-07-10 00:00:00,341.0,10.0,0.0,914.0,0.0
2024-07-11 00:00:00,70.0,1.0,0.0,914.0,0.0
2024-07-12 00:00:00,84.0,2.0,0.0,914.0,0.0
2024-07-13 00:00:00,216.0,4.0,0.0,914.0,0.0
2024-07-14 00:00:00,116.0,3.0,0.0,914.0,0.0
2024-07-15 00:00:00,176.0,6.0,0.0,914.0,0.0
2024-07-16 00:00:00,296.0,4.0,0.0,914.0,0.0
2024-07-17 00:00:00,525.0,17.0,0.0,914.0,1.0
2024-07-18 00:00:00,677.0,46.0,0.0,914.0,1.0
2024-07-19 00:00:00,631.0,111.0,0.0,914.0,1.0
2024-07-20 00:00:00,671.0,140.0,0.0,914.0,1.0
2024-07-21 00:00:00,822.0,221.0,0.0,914.0,1.0
2024-07-22 00:00:00,778.0,288.0,0.0,914.0,1.0
2024-07-23 00:00:00,791.0,257.0,0.0,914.0,1.0
2024-07-24 00:00:00,527.0,102.0,0.0,914.0,1.0
2024-07-25 00:00:00,569.0,164.0,0.0,914.0,1.0
2024-07-26 00:00:00,615.0,163.0,0.0,914.0,1.0
2024-07-27 00:00:00,613.0,229.0,0.0,914.0,1.0
2024-07-28 00:00:00,582.0,235.0,0.0,914.0,1.0
2024-07-29 00:00:00,635.0,255.0,6.0,914.0,1.0
2024-07-30 00:00:00,609.0,204.0,0.0,914.0,1.0
2024-07-31 00:00:00,587.0,176.0,0.0,914.0,1.0
2024-08-01 00:00:00,619.0,208.0,0.0,914.0,2.0
2024-08-02 00:00:00,716.0,243.0,0.0,914.0,1.0
2024-08-03 00:00:00,757.0,292.0,0.0,914.0,1.0
2024-08-04 00:00:00,735.0,301.0,0.0,914.0,1.0
2024-08-05 00:00:00,668.0,223.0,0.0,914.0,1.0
2024-08-06 00:00:00,676.0,168.0,0.0,914.0,1.0
2024-08-07 00:00:00,707.0,171.0,0.0,914.0,0.0
2024-08-08 00:00:00,664.0,209.0,0.0,914.0,0.0
2024-08-09 00:00:00,722.0,236.0,1.0,914.0,0.0
2024-08-10 00:00:00,672.0,175.0,0.0,914.0,1.0
2024-08-11 00:00:00,676.0,219.0,0.0,914.0,1.0
2024-08-12 00:00:00,666.0,209.0,0.0,914.0,0.0
2024-08-13 00:00:00,727.0,246.0,0.0,914.0,0.0
2024-08-14 00:00:00,657.0,216.0,0.0,914.0,0.0
2024-08-15 00:00:00,696.0,243.0,0.0,914.0,0.0
2024-08-16 00:00:00,538,166,1,914,0
